date,department,category,amount,vendor
2023-01-01,IT,Utilities,599.34,Vendor_20
2023-01-01,Finance,Supplies,472.35,Vendor_12
2023-01-01,Operations,Travel,629.54,Vendor_4
2023-01-01,HR,Travel,804.61,Vendor_17
2023-01-02,Marketing,Utilities,453.17,Vendor_16
2023-01-02,Finance,Software,453.17,Vendor_6
2023-01-03,Operations,Salaries,815.84,Vendor_17
2023-01-04,Marketing,Supplies,653.49,Vendor_4
2023-01-04,Operations,Salaries,406.11,Vendor_10
2023-01-04,Sales,Salaries,608.51,Vendor_10
2023-01-05,HR,Software,407.32,Vendor_22
2023-01-05,IT,Software,406.85,Vendor_10
2023-01-06,Operations,Salaries,548.39,Vendor_5
2023-01-07,Sales,Supplies,117.34,Vendor_21
2023-01-07,Finance,Consulting,155.02,Vendor_3
2023-01-07,IT,Software,387.54,Vendor_14
2023-01-07,HR,Salaries,297.43,Vendor_1
2023-01-08,Operations,Salaries,562.85,Vendor_18
2023-01-09,Operations,Software,318.4,Vendor_26
2023-01-10,Marketing,Consulting,217.54,Vendor_17
2023-01-10,Finance,Travel,793.13,Vendor_30
2023-01-10,Marketing,Travel,454.84,Vendor_30
2023-01-10,Operations,Utilities,513.51,Vendor_8
2023-01-11,Marketing,Supplies,215.05,Vendor_3
2023-01-11,Finance,Salaries,391.12,Vendor_17
2023-01-11,HR,Utilities,522.18,Vendor_16
2023-01-12,IT,Salaries,269.8,Vendor_28
2023-01-12,HR,Utilities,575.14,Vendor_9
2023-01-13,Sales,Utilities,379.87,Vendor_19
2023-01-13,HR,Utilities,441.66,Vendor_17
2023-01-13,HR,Software,379.66,Vendor_1
2023-01-14,Operations,Utilities,870.46,Vendor_8
2023-01-14,Sales,Supplies,497.3,Vendor_23
2023-01-14,Finance,Salaries,288.46,Vendor_28
2023-01-14,Sales,Travel,664.51,Vendor_13
2023-01-15,HR,Software,255.83,Vendor_28
2023-01-15,Marketing,Supplies,541.77,Vendor_21
2023-01-15,HR,Travel,108.07,Vendor_10
2023-01-16,Finance,Software,234.36,Vendor_27
2023-01-16,Finance,Software,539.37,Vendor_3
2023-01-16,IT,Utilities,647.69,Vendor_25
2023-01-16,HR,Consulting,534.27,Vendor_8
2023-01-17,IT,Travel,476.87,Vendor_20
2023-01-17,Operations,Travel,439.78,Vendor_17
2023-01-17,Marketing,Travel,204.3,Vendor_22
2023-01-18,Marketing,Utilities,356.03,Vendor_16
2023-01-18,IT,Consulting,407.87,Vendor_28
2023-01-19,HR,Consulting,711.42,Vendor_14
2023-01-19,Finance,Consulting,568.72,Vendor_27
2023-01-20,HR,Travel,147.39,Vendor_20
2023-01-20,Sales,Supplies,564.82,Vendor_27
2023-01-20,Finance,Supplies,422.98,Vendor_14
2023-01-20,Sales,Supplies,364.62,Vendor_11
2023-01-21,Operations,Utilities,622.34,Vendor_19
2023-01-22,HR,Supplies,706.2,Vendor_25
2023-01-22,IT,Salaries,686.26,Vendor_28
2023-01-22,Marketing,Supplies,332.16,Vendor_15
2023-01-23,Marketing,Travel,438.16,Vendor_9
2023-01-24,IT,Software,566.25,Vendor_16
2023-01-24,IT,Utilities,695.11,Vendor_23
2023-01-25,Finance,Supplies,404.17,Vendor_25
2023-01-25,Marketing,Utilities,462.87,Vendor_6
2023-01-25,Operations,Travel,278.73,Vendor_14
2023-01-26,Marketing,Salaries,260.76,Vendor_25
2023-01-26,Marketing,Consulting,662.51,Vendor_2
2023-01-26,IT,Software,771.25,Vendor_1
2023-01-27,Operations,Software,485.6,Vendor_5
2023-01-27,Sales,Travel,700.71,Vendor_10
2023-01-27,Finance,Consulting,572.33,Vendor_27
2023-01-28,Operations,Software,370.98,Vendor_7
2023-01-29,HR,Consulting,572.28,Vendor_20
2023-01-29,HR,Salaries,807.61,Vendor_25
2023-01-30,HR,Salaries,492.83,Vendor_4
2023-01-30,HR,Utilities,812.93,Vendor_25
2023-01-31,Finance,Travel,20.0,Vendor_7
2023-02-01,HR,Travel,664.38,Vendor_17
2023-02-02,IT,Salaries,517.41,Vendor_7
2023-02-02,HR,Software,440.2,Vendor_22
2023-02-02,HR,Supplies,518.35,Vendor_6
2023-02-03,Marketing,Software,102.49,Vendor_8
2023-02-04,Operations,Utilities,456.07,Vendor_19
2023-02-04,Sales,Consulting,571.42,Vendor_11
2023-02-05,Marketing,Travel,795.58,Vendor_9
2023-02-05,Operations,Travel,396.35,Vendor_16
2023-02-06,HR,Salaries,338.3,Vendor_27
2023-02-07,IT,Travel,399.65,Vendor_17
2023-02-07,Finance,Consulting,683.08,Vendor_12
2023-02-07,Operations,Utilities,565.75,Vendor_14
2023-02-08,Marketing,Travel,394.05,Vendor_18
2023-02-09,Operations,Utilities,602.65,Vendor_21
2023-02-09,Operations,Utilities,519.42,Vendor_2
2023-02-09,Sales,Supplies,693.73,Vendor_12
2023-02-09,Operations,Utilities,359.59,Vendor_25
2023-02-10,Marketing,Consulting,434.47,Vendor_22
2023-02-11,HR,Salaries,421.58,Vendor_21
2023-02-11,Marketing,Supplies,207.3,Vendor_30
2023-02-11,Operations,Salaries,559.22,Vendor_3
2023-02-11,Sales,Software,552.21,Vendor_28
2023-02-12,Operations,Consulting,501.02,Vendor_15
2023-02-12,IT,Utilities,453.08,Vendor_6
2023-02-12,Operations,Salaries,216.93,Vendor_27
2023-02-13,Operations,Software,415.87,Vendor_9
2023-02-13,HR,Software,431.46,Vendor_18
2023-02-14,Finance,Software,339.54,Vendor_6
2023-02-14,Operations,Software,467.74,Vendor_19
2023-02-15,Sales,Consulting,580.81,Vendor_25
2023-02-15,Finance,Travel,877.24,Vendor_27
2023-02-16,IT,Salaries,534.92,Vendor_8
2023-02-16,IT,Supplies,551.51,Vendor_28
2023-02-16,Sales,Travel,485.11,Vendor_25
2023-02-16,Marketing,Software,116.25,Vendor_2
2023-02-17,IT,Supplies,494.7,Vendor_1
2023-02-18,Sales,Software,512.05,Vendor_13
2023-02-18,HR,Utilities,992.65,Vendor_11
2023-02-18,Sales,Utilities,461.53,Vendor_24
2023-02-19,HR,Consulting,560.31,Vendor_9
2023-02-19,Finance,Utilities,493.06,Vendor_3
2023-02-20,Sales,Travel,266.26,Vendor_14
2023-02-20,Operations,Software,728.56,Vendor_12
2023-02-20,Sales,Consulting,650.39,Vendor_13
2023-02-21,Operations,Travel,658.21,Vendor_26
2023-02-21,Marketing,Supplies,318.12,Vendor_9
2023-02-21,Operations,Software,780.56,Vendor_13
2023-02-22,Marketing,Travel,219.63,Vendor_17
2023-02-22,Marketing,Salaries,617.37,Vendor_4
2023-02-22,Finance,Utilities,938.09,Vendor_29
2023-02-23,IT,Supplies,301.89,Vendor_23
2023-02-24,Operations,Supplies,386.74,Vendor_14
2023-02-24,HR,Software,519.93,Vendor_15
2023-02-25,IT,Software,399.3,Vendor_25
2023-02-25,IT,Utilities,189.87,Vendor_19
2023-02-25,Finance,Utilities,513.71,Vendor_17
2023-02-25,IT,Consulting,287.54,Vendor_26
2023-02-26,Finance,Consulting,594.72,Vendor_14
2023-02-26,Finance,Utilities,316.12,Vendor_25
2023-02-26,Finance,Consulting,809.99,Vendor_2
2023-02-26,Finance,Supplies,343.35,Vendor_6
2023-02-27,Finance,Salaries,435.59,Vendor_28
2023-02-27,HR,Travel,662.7,Vendor_17
2023-02-27,HR,Supplies,253.83,Vendor_19
2023-02-28,Finance,Travel,545.49,Vendor_12
2023-02-28,HR,Salaries,761.43,Vendor_23
2023-02-28,Marketing,Supplies,178.5,Vendor_16
2023-03-01,Marketing,Software,536.93,Vendor_14
2023-03-01,Sales,Supplies,551.98,Vendor_16
2023-03-02,Finance,Utilities,656.36,Vendor_20
2023-03-02,Marketing,Travel,252.61,Vendor_19
2023-03-02,Operations,Consulting,235.91,Vendor_11
2023-03-03,IT,Software,604.39,Vendor_17
2023-03-03,Marketing,Utilities,559.4,Vendor_10
2023-03-03,IT,Supplies,550.1,Vendor_9
2023-03-04,Marketing,Utilities,569.29,Vendor_23
2023-03-04,Finance,Travel,364.0,Vendor_23
2023-03-04,IT,Travel,546.45,Vendor_4
2023-03-04,IT,Software,558.61,Vendor_15
2023-03-05,Sales,Salaries,357.13,Vendor_26
2023-03-06,HR,Software,873.15,Vendor_30
2023-03-07,Sales,Salaries,594.77,Vendor_1
2023-03-07,Sales,Consulting,261.74,Vendor_17
2023-03-07,IT,Supplies,631.31,Vendor_29
2023-03-07,Marketing,Supplies,305.06,Vendor_13
2023-03-08,Operations,Salaries,657.42,Vendor_1
2023-03-08,Marketing,Consulting,731.72,Vendor_24
2023-03-09,Sales,Consulting,335.86,Vendor_17
2023-03-09,Finance,Consulting,692.68,Vendor_1
2023-03-10,Operations,Utilities,582.56,Vendor_11
2023-03-10,Operations,Salaries,664.41,Vendor_4
2023-03-10,Sales,Software,879.36,Vendor_12
2023-03-10,IT,Supplies,450.92,Vendor_3
2023-03-11,HR,Salaries,349.25,Vendor_6
2023-03-11,Operations,Consulting,322.1,Vendor_6
2023-03-12,Sales,Consulting,336.84,Vendor_21
2023-03-13,Operations,Salaries,484.58,Vendor_5
2023-03-13,Finance,Supplies,568.23,Vendor_11
2023-03-14,Marketing,Salaries,555.34,Vendor_25
2023-03-15,Finance,Supplies,665.44,Vendor_30
2023-03-15,Sales,Utilities,502.6,Vendor_22
2023-03-16,IT,Salaries,790.71,Vendor_8
2023-03-16,Sales,Travel,447.07,Vendor_11
2023-03-16,Marketing,Consulting,1044.03,Vendor_6
2023-03-17,Marketing,Software,625.13,Vendor_28
2023-03-17,HR,Software,328.57,Vendor_24
2023-03-17,Marketing,Salaries,285.82,Vendor_29
2023-03-17,IT,Supplies,596.49,Vendor_14
2023-03-18,Operations,Salaries,455.31,Vendor_17
2023-03-18,Finance,Salaries,642.8,Vendor_27
2023-03-18,HR,Consulting,594.65,Vendor_8
2023-03-18,Operations,Travel,485.43,Vendor_11
2023-03-19,Sales,Software,330.64,Vendor_7
2023-03-19,HR,Utilities,197.03,Vendor_11
2023-03-20,Marketing,Salaries,410.7,Vendor_28
2023-03-20,Operations,Travel,671.28,Vendor_29
2023-03-20,Sales,Supplies,542.82,Vendor_1
2023-03-21,Operations,Salaries,250.85,Vendor_26
2023-03-21,HR,Utilities,534.64,Vendor_27
2023-03-21,Marketing,Supplies,577.06,Vendor_20
2023-03-21,Sales,Consulting,323.23,Vendor_8
2023-03-22,IT,Consulting,530.75,Vendor_13
2023-03-22,HR,Supplies,511.64,Vendor_26
2023-03-22,Operations,Consulting,271.41,Vendor_21
2023-03-22,Sales,Software,571.56,Vendor_13
2023-03-23,IT,Utilities,612.16,Vendor_4
2023-03-24,Operations,Consulting,716.61,Vendor_12
2023-03-25,Sales,Salaries,710.76,Vendor_2
2023-03-25,Operations,Salaries,224.47,Vendor_17
2023-03-25,Marketing,Software,312.43,Vendor_29
2023-03-25,Operations,Salaries,603.01,Vendor_23
2023-03-26,IT,Supplies,602.76,Vendor_5
2023-03-27,HR,Travel,603.01,Vendor_22
2023-03-27,Sales,Travel,1270.55,Vendor_18
2023-03-28,Sales,Salaries,614.18,Vendor_7
2023-03-28,Operations,Travel,727.11,Vendor_19
2023-03-29,HR,Consulting,690.8,Vendor_21
2023-03-29,Sales,Consulting,630.28,Vendor_1
2023-03-29,Finance,Supplies,436.95,Vendor_23
2023-03-29,Operations,Travel,651.79,Vendor_22
2023-03-30,Marketing,Utilities,345.43,Vendor_27
2023-03-31,Sales,Salaries,452.64,Vendor_1
2023-03-31,Sales,Software,402.93,Vendor_23
2023-03-31,Finance,Supplies,516.37,Vendor_8
2023-04-01,Marketing,Utilities,962.93,Vendor_26
2023-04-01,IT,Consulting,126.55,Vendor_9
2023-04-01,Sales,Utilities,637.25,Vendor_21
2023-04-01,Finance,Software,177.46,Vendor_12
2023-04-02,IT,Software,405.61,Vendor_30
2023-04-02,HR,Travel,717.79,Vendor_14
2023-04-03,Operations,Supplies,512.86,Vendor_26
2023-04-03,Finance,Consulting,284.45,Vendor_8
2023-04-03,Sales,Supplies,356.94,Vendor_22
2023-04-04,Finance,Utilities,635.92,Vendor_18
2023-04-04,IT,Consulting,353.93,Vendor_10
2023-04-04,HR,Salaries,543.29,Vendor_10
2023-04-04,Operations,Salaries,509.11,Vendor_8
2023-04-05,Marketing,Travel,369.68,Vendor_6
2023-04-06,IT,Salaries,928.79,Vendor_13
2023-04-06,Finance,Supplies,626.78,Vendor_22
2023-04-06,Marketing,Consulting,94.97,Vendor_29
2023-04-06,Operations,Supplies,537.29,Vendor_9
2023-04-07,IT,Utilities,367.64,Vendor_22
2023-04-07,Operations,Travel,670.49,Vendor_17
2023-04-07,Marketing,Software,341.5,Vendor_16
2023-04-07,Sales,Utilities,477.05,Vendor_23
2023-04-08,Marketing,Utilities,601.0,Vendor_13
2023-04-09,Sales,Salaries,673.15,Vendor_23
2023-04-09,Finance,Supplies,259.94,Vendor_15
2023-04-09,HR,Supplies,433.1,Vendor_12
2023-04-10,Marketing,Supplies,405.01,Vendor_7
2023-04-11,IT,Utilities,369.33,Vendor_2
2023-04-11,IT,Utilities,853.09,Vendor_19
2023-04-12,Operations,Salaries,581.0,Vendor_25
2023-04-12,IT,Salaries,247.82,Vendor_6
2023-04-12,Marketing,Utilities,683.57,Vendor_27
2023-04-12,Finance,Travel,924.43,Vendor_12
2023-04-13,IT,Software,706.49,Vendor_15
2023-04-13,IT,Travel,196.13,Vendor_15
2023-04-14,Sales,Salaries,403.15,Vendor_21
2023-04-14,Marketing,Supplies,753.38,Vendor_27
2023-04-14,Sales,Supplies,358.47,Vendor_27
2023-04-15,Finance,Supplies,588.76,Vendor_29
2023-04-16,Finance,Salaries,654.93,Vendor_12
2023-04-16,Marketing,Salaries,314.61,Vendor_29
2023-04-16,Operations,Software,488.09,Vendor_30
2023-04-17,Marketing,Travel,20.0,Vendor_6
2023-04-17,Sales,Software,295.12,Vendor_6
2023-04-17,Sales,Utilities,449.49,Vendor_7
2023-04-18,Sales,Supplies,250.44,Vendor_27
2023-04-18,Sales,Supplies,826.48,Vendor_15
2023-04-19,Marketing,Supplies,213.97,Vendor_5
2023-04-19,Finance,Consulting,411.99,Vendor_24
2023-04-19,IT,Consulting,526.15,Vendor_15
2023-04-20,Finance,Software,788.25,Vendor_3
2023-04-20,HR,Salaries,212.83,Vendor_12
2023-04-21,Finance,Utilities,732.63,Vendor_28
2023-04-21,Finance,Salaries,502.05,Vendor_8
2023-04-22,Finance,Supplies,303.7,Vendor_6
2023-04-22,Finance,Travel,592.42,Vendor_11
2023-04-22,Sales,Supplies,539.81,Vendor_3
2023-04-23,HR,Software,379.96,Vendor_24
2023-04-23,Operations,Consulting,513.96,Vendor_29
2023-04-23,HR,Consulting,422.94,Vendor_12
2023-04-23,IT,Consulting,522.7,Vendor_7
2023-04-24,Marketing,Supplies,632.43,Vendor_17
2023-04-24,Operations,Software,817.2,Vendor_11
2023-04-24,Finance,Utilities,252.44,Vendor_13
2023-04-25,HR,Salaries,926.61,Vendor_4
2023-04-26,HR,Consulting,109.58,Vendor_29
2023-04-26,Sales,Travel,469.64,Vendor_6
2023-04-27,HR,Salaries,617.66,Vendor_22
2023-04-28,Marketing,Travel,556.2,Vendor_14
2023-04-28,HR,Travel,375.46,Vendor_25
2023-04-28,Operations,Travel,458.38,Vendor_8
2023-04-28,Finance,Software,401.4,Vendor_11
2023-04-29,Operations,Supplies,382.13,Vendor_1
2023-04-29,Operations,Software,669.92,Vendor_19
2023-04-29,Marketing,Consulting,571.4,Vendor_7
2023-04-29,Operations,Supplies,361.42,Vendor_12
2023-04-30,Marketing,Salaries,679.92,Vendor_13
2023-04-30,Operations,Travel,561.46,Vendor_17
2023-05-01,Sales,Travel,662.57,Vendor_23
2023-05-01,Marketing,Consulting,625.93,Vendor_18
2023-05-02,IT,Supplies,334.2,Vendor_3
2023-05-02,Marketing,Utilities,387.96,Vendor_13
2023-05-03,HR,Salaries,649.46,Vendor_28
2023-05-03,Sales,Salaries,622.07,Vendor_14
2023-05-04,Finance,Software,495.82,Vendor_27
2023-05-04,HR,Salaries,523.47,Vendor_6
2023-05-04,HR,Consulting,755.53,Vendor_9
2023-05-04,Operations,Travel,381.69,Vendor_19
2023-05-05,Marketing,Consulting,609.42,Vendor_23
2023-05-05,Finance,Software,459.56,Vendor_6
2023-05-06,IT,Supplies,456.46,Vendor_18
2023-05-06,Sales,Supplies,719.76,Vendor_21
2023-05-06,Operations,Software,665.08,Vendor_9
2023-05-06,Finance,Travel,662.7,Vendor_18
2023-05-07,HR,Salaries,761.1,Vendor_27
2023-05-07,Finance,Software,504.2,Vendor_28
2023-05-07,Finance,Travel,636.39,Vendor_14
2023-05-07,HR,Consulting,437.95,Vendor_3
2023-05-08,Marketing,Travel,564.83,Vendor_7
2023-05-08,HR,Consulting,473.97,Vendor_15
2023-05-08,Finance,Salaries,519.4,Vendor_30
2023-05-08,IT,Consulting,619.03,Vendor_1
2023-05-09,Sales,Consulting,336.36,Vendor_27
2023-05-09,Marketing,Supplies,918.48,Vendor_5
2023-05-10,Sales,Utilities,298.8,Vendor_10
2023-05-10,Sales,Travel,257.16,Vendor_18
2023-05-10,Sales,Travel,731.62,Vendor_27
2023-05-11,Marketing,Utilities,658.33,Vendor_12
2023-05-11,Sales,Consulting,624.82,Vendor_3
2023-05-11,HR,Travel,625.67,Vendor_27
2023-05-11,Operations,Salaries,497.55,Vendor_22
2023-05-12,IT,Utilities,320.55,Vendor_14
2023-05-13,IT,Travel,515.16,Vendor_8
2023-05-13,Operations,Salaries,364.57,Vendor_3
2023-05-13,Finance,Utilities,695.02,Vendor_15
2023-05-13,Marketing,Travel,470.59,Vendor_15
2023-05-14,Sales,Supplies,334.9,Vendor_5
2023-05-14,Marketing,Supplies,435.72,Vendor_10
2023-05-15,Finance,Travel,582.59,Vendor_8
2023-05-15,IT,Travel,387.26,Vendor_25
2023-05-15,HR,Software,335.56,Vendor_5
2023-05-15,Marketing,Supplies,548.74,Vendor_15
2023-05-16,IT,Supplies,548.99,Vendor_30
2023-05-17,Marketing,Consulting,398.61,Vendor_6
2023-05-17,Sales,Consulting,405.79,Vendor_1
2023-05-17,HR,Software,546.41,Vendor_28
2023-05-17,Operations,Consulting,210.38,Vendor_21
2023-05-18,Finance,Consulting,218.51,Vendor_27
2023-05-18,Marketing,Utilities,356.31,Vendor_14
2023-05-19,Sales,Consulting,457.31,Vendor_23
2023-05-20,Operations,Consulting,562.18,Vendor_25
2023-05-20,Operations,Utilities,795.07,Vendor_7
2023-05-21,Sales,Salaries,671.53,Vendor_12
2023-05-21,IT,Travel,468.01,Vendor_7
2023-05-22,Sales,Travel,496.2,Vendor_28
2023-05-23,Sales,Consulting,299.49,Vendor_3
2023-05-24,Sales,Salaries,496.3,Vendor_21
2023-05-24,Marketing,Consulting,442.27,Vendor_17
2023-05-24,Finance,Supplies,564.54,Vendor_16
2023-05-25,IT,Software,334.55,Vendor_13
2023-05-25,Finance,Utilities,603.87,Vendor_4
2023-05-26,Finance,Salaries,806.55,Vendor_4
2023-05-26,Sales,Consulting,478.25,Vendor_14
2023-05-26,Marketing,Salaries,580.34,Vendor_4
2023-05-26,HR,Supplies,638.03,Vendor_19
2023-05-27,HR,Travel,419.76,Vendor_25
2023-05-27,HR,Travel,544.82,Vendor_28
2023-05-28,HR,Travel,502.52,Vendor_25
2023-05-28,IT,Software,519.54,Vendor_2
2023-05-28,IT,Consulting,345.4,Vendor_4
2023-05-29,IT,Utilities,504.9,Vendor_17
2023-05-29,HR,Utilities,599.6,Vendor_26
2023-05-29,Finance,Travel,790.23,Vendor_9
2023-05-30,HR,Supplies,691.85,Vendor_21
2023-05-31,Sales,Consulting,930.64,Vendor_15
2023-05-31,Marketing,Salaries,346.53,Vendor_22
2023-05-31,IT,Consulting,674.46,Vendor_18
2023-06-01,Finance,Utilities,536.67,Vendor_6
2023-06-01,Marketing,Consulting,937.96,Vendor_9
2023-06-01,Operations,Salaries,338.34,Vendor_24
2023-06-02,Marketing,Consulting,332.06,Vendor_10
2023-06-03,Finance,Supplies,380.12,Vendor_12
2023-06-03,Operations,Salaries,75.22,Vendor_26
2023-06-03,Finance,Software,394.85,Vendor_18
2023-06-04,IT,Utilities,348.17,Vendor_4
2023-06-04,HR,Travel,530.08,Vendor_20
2023-06-04,Operations,Consulting,568.35,Vendor_23
2023-06-05,Operations,Utilities,875.23,Vendor_22
2023-06-05,HR,Salaries,690.08,Vendor_1
2023-06-05,IT,Software,384.62,Vendor_3
2023-06-06,Sales,Travel,320.32,Vendor_29
2023-06-07,HR,Consulting,598.38,Vendor_30
2023-06-07,Sales,Supplies,235.95,Vendor_13
2023-06-07,IT,Salaries,866.29,Vendor_14
2023-06-07,Finance,Utilities,735.89,Vendor_2
2023-06-08,IT,Supplies,406.16,Vendor_4
2023-06-08,Marketing,Consulting,157.37,Vendor_20
2023-06-09,Operations,Utilities,770.77,Vendor_1
2023-06-10,HR,Software,477.09,Vendor_2
2023-06-10,Finance,Travel,747.56,Vendor_4
2023-06-11,Operations,Utilities,181.11,Vendor_9
2023-06-11,HR,Salaries,380.12,Vendor_26
2023-06-12,Finance,Salaries,501.05,Vendor_2
2023-06-13,HR,Travel,509.4,Vendor_10
2023-06-14,Sales,Travel,409.99,Vendor_24
2023-06-14,Operations,Software,624.57,Vendor_21
2023-06-14,Marketing,Travel,286.48,Vendor_23
2023-06-14,Sales,Supplies,471.52,Vendor_29
2023-06-15,HR,Utilities,524.06,Vendor_2
2023-06-16,HR,Salaries,602.89,Vendor_5
2023-06-16,Marketing,Salaries,642.32,Vendor_20
2023-06-16,Sales,Utilities,275.07,Vendor_10
2023-06-16,HR,Software,193.18,Vendor_5
2023-06-17,Operations,Salaries,755.54,Vendor_7
2023-06-17,Operations,Utilities,566.46,Vendor_20
2023-06-17,Sales,Travel,350.3,Vendor_1
2023-06-18,Marketing,Supplies,810.23,Vendor_4
2023-06-19,Sales,Utilities,523.13,Vendor_16
2023-06-19,IT,Utilities,735.86,Vendor_28
2023-06-19,HR,Supplies,513.5,Vendor_16
2023-06-19,Sales,Salaries,912.15,Vendor_3
2023-06-20,Finance,Software,851.07,Vendor_4
2023-06-21,Sales,Software,450.21,Vendor_10
2023-06-21,Operations,Salaries,694.31,Vendor_8
2023-06-21,Sales,Software,629.08,Vendor_12
2023-06-21,Sales,Utilities,773.73,Vendor_18
2023-06-22,Finance,Consulting,307.02,Vendor_17
2023-06-23,HR,Travel,637.21,Vendor_21
2023-06-23,Marketing,Salaries,711.68,Vendor_6
2023-06-23,Marketing,Salaries,148.25,Vendor_28
2023-06-23,Finance,Supplies,263.35,Vendor_9
2023-06-24,IT,Supplies,92.15,Vendor_14
2023-06-24,Marketing,Salaries,446.12,Vendor_11
2023-06-24,IT,Salaries,643.51,Vendor_1
2023-06-24,Sales,Software,800.47,Vendor_26
2023-06-25,Marketing,Travel,514.82,Vendor_13
2023-06-25,IT,Consulting,825.72,Vendor_16
2023-06-25,Marketing,Supplies,223.98,Vendor_26
2023-06-26,Marketing,Salaries,159.32,Vendor_15
2023-06-26,Operations,Software,488.89,Vendor_1
2023-06-27,IT,Salaries,576.81,Vendor_29
2023-06-27,Finance,Salaries,493.46,Vendor_2
2023-06-27,IT,Utilities,86.51,Vendor_12
2023-06-27,Marketing,Salaries,482.18,Vendor_4
2023-06-28,Marketing,Salaries,239.11,Vendor_22
2023-06-28,Marketing,Utilities,633.93,Vendor_23
2023-06-29,Marketing,Travel,573.32,Vendor_27
2023-06-29,IT,Software,312.02,Vendor_12
2023-06-29,Marketing,Utilities,397.23,Vendor_13
2023-06-30,HR,Supplies,288.16,Vendor_21
2023-06-30,Marketing,Consulting,487.46,Vendor_22
2023-06-30,IT,Utilities,691.03,Vendor_9
2023-07-01,IT,Software,302.85,Vendor_26
2023-07-01,Sales,Travel,600.81,Vendor_7
2023-07-01,IT,Consulting,393.95,Vendor_2
2023-07-01,IT,Utilities,341.43,Vendor_15
2023-07-02,Operations,Travel,478.59,Vendor_16
2023-07-02,HR,Salaries,292.95,Vendor_27
2023-07-02,Operations,Consulting,389.27,Vendor_14
2023-07-02,HR,Utilities,260.42,Vendor_8
2023-07-03,Operations,Salaries,892.95,Vendor_17
2023-07-03,HR,Utilities,507.05,Vendor_8
2023-07-04,HR,Utilities,360.05,Vendor_9
2023-07-05,IT,Salaries,542.8,Vendor_17
2023-07-05,Operations,Supplies,477.53,Vendor_2
2023-07-05,Finance,Software,455.81,Vendor_23
2023-07-06,Finance,Supplies,622.83,Vendor_27
2023-07-07,Sales,Salaries,651.5,Vendor_4
2023-07-07,HR,Travel,393.9,Vendor_11
2023-07-07,HR,Travel,384.84,Vendor_7
2023-07-07,Marketing,Travel,444.99,Vendor_8
2023-07-08,Operations,Travel,39.62,Vendor_28
2023-07-09,Sales,Software,196.96,Vendor_29
2023-07-09,IT,Travel,773.37,Vendor_23
2023-07-10,HR,Supplies,828.99,Vendor_18
2023-07-10,Sales,Utilities,450.19,Vendor_20
2023-07-11,Sales,Salaries,615.31,Vendor_22
2023-07-11,Sales,Software,562.25,Vendor_7
2023-07-11,Sales,Software,1115.78,Vendor_8
2023-07-12,IT,Supplies,723.91,Vendor_15
2023-07-12,HR,Salaries,474.42,Vendor_21
2023-07-12,Operations,Supplies,308.89,Vendor_17
2023-07-12,IT,Software,178.71,Vendor_26
2023-07-13,Finance,Travel,540.69,Vendor_13
2023-07-14,Sales,Software,348.73,Vendor_23
2023-07-14,Sales,Salaries,215.55,Vendor_25
2023-07-14,Sales,Utilities,370.69,Vendor_30
2023-07-14,Sales,Salaries,283.69,Vendor_17
2023-07-15,Operations,Consulting,837.43,Vendor_30
2023-07-16,Operations,Travel,676.33,Vendor_6
2023-07-16,Finance,Software,498.41,Vendor_15
2023-07-17,Marketing,Utilities,795.99,Vendor_1
2023-07-17,Finance,Salaries,515.47,Vendor_1
2023-07-17,Finance,Utilities,327.74,Vendor_27
2023-07-18,Finance,Software,804.62,Vendor_15
2023-07-18,Finance,Consulting,607.78,Vendor_26
2023-07-18,Marketing,Salaries,292.55,Vendor_28
2023-07-19,Operations,Salaries,461.93,Vendor_6
2023-07-19,HR,Software,324.88,Vendor_19
2023-07-20,Operations,Travel,223.44,Vendor_28
2023-07-21,HR,Consulting,685.24,Vendor_2
2023-07-21,HR,Consulting,881.88,Vendor_23
2023-07-21,HR,Software,220.29,Vendor_2
2023-07-22,Finance,Software,612.59,Vendor_28
2023-07-22,Finance,Salaries,369.87,Vendor_22
2023-07-23,Finance,Consulting,402.57,Vendor_7
2023-07-23,IT,Travel,381.52,Vendor_10
2023-07-24,Marketing,Supplies,327.2,Vendor_22
2023-07-24,Finance,Supplies,509.7,Vendor_7
2023-07-24,Sales,Salaries,333.81,Vendor_4
2023-07-25,Marketing,Supplies,554.09,Vendor_2
2023-07-26,Marketing,Utilities,489.95,Vendor_12
2023-07-26,Marketing,Salaries,452.21,Vendor_4
2023-07-26,Operations,Salaries,318.49,Vendor_4
2023-07-27,HR,Utilities,384.65,Vendor_3
2023-07-27,Finance,Consulting,651.08,Vendor_19
2023-07-28,Sales,Travel,600.18,Vendor_18
2023-07-28,Marketing,Salaries,304.49,Vendor_21
2023-07-28,Sales,Salaries,519.87,Vendor_28
2023-07-29,Marketing,Utilities,650.28,Vendor_29
2023-07-30,Marketing,Consulting,166.12,Vendor_30
2023-07-30,Sales,Utilities,608.67,Vendor_15
2023-07-30,Finance,Software,367.48,Vendor_16
2023-07-30,IT,Travel,614.12,Vendor_4
2023-07-31,HR,Utilities,347.35,Vendor_26
2023-07-31,HR,Software,139.02,Vendor_3
2023-07-31,IT,Supplies,174.49,Vendor_28
2023-08-01,Marketing,Software,509.62,Vendor_11
2023-08-01,Finance,Travel,551.94,Vendor_23
2023-08-01,Operations,Software,319.14,Vendor_19
2023-08-02,IT,Salaries,627.72,Vendor_30
2023-08-02,HR,Consulting,167.7,Vendor_17
2023-08-02,HR,Software,486.78,Vendor_5
2023-08-02,HR,Travel,257.8,Vendor_21
2023-08-03,HR,Utilities,369.63,Vendor_27
2023-08-03,Operations,Travel,509.48,Vendor_4
2023-08-03,Sales,Travel,327.92,Vendor_2
2023-08-04,Sales,Salaries,423.09,Vendor_27
2023-08-04,IT,Consulting,701.26,Vendor_15
2023-08-04,Sales,Travel,384.62,Vendor_24
2023-08-04,IT,Utilities,667.14,Vendor_4
2023-08-05,Operations,Utilities,274.06,Vendor_27
2023-08-05,IT,Supplies,605.96,Vendor_16
2023-08-05,HR,Travel,788.31,Vendor_29
2023-08-06,HR,Utilities,20.0,Vendor_30
2023-08-06,HR,Utilities,340.62,Vendor_12
2023-08-07,Marketing,Travel,615.41,Vendor_13
2023-08-07,IT,Travel,459.39,Vendor_25
2023-08-08,Finance,Utilities,574.23,Vendor_2
2023-08-09,Finance,Salaries,379.2,Vendor_7
2023-08-09,Operations,Consulting,517.32,Vendor_30
2023-08-10,HR,Supplies,468.86,Vendor_9
2023-08-10,Sales,Travel,733.56,Vendor_4
2023-08-10,Finance,Supplies,550.88,Vendor_25
2023-08-11,IT,Travel,567.52,Vendor_7
2023-08-12,IT,Software,417.62,Vendor_27
2023-08-12,HR,Utilities,402.48,Vendor_20
2023-08-12,Sales,Utilities,413.49,Vendor_24
2023-08-12,Marketing,Consulting,578.89,Vendor_14
2023-08-13,Sales,Utilities,415.8,Vendor_3
2023-08-13,IT,Travel,557.95,Vendor_29
2023-08-13,Operations,Salaries,915.08,Vendor_26
2023-08-14,HR,Salaries,674.22,Vendor_19
2023-08-14,Sales,Salaries,434.8,Vendor_17
2023-08-14,Sales,Utilities,740.24,Vendor_18
2023-08-14,Marketing,Travel,418.38,Vendor_2
2023-08-15,Sales,Utilities,92.38,Vendor_4
2023-08-15,IT,Travel,298.38,Vendor_29
2023-08-15,Marketing,Consulting,125.84,Vendor_2
2023-08-16,Finance,Consulting,429.7,Vendor_15
2023-08-17,Sales,Utilities,503.68,Vendor_17
2023-08-17,Marketing,Salaries,835.29,Vendor_15
2023-08-18,Operations,Salaries,565.39,Vendor_12
2023-08-18,Finance,Utilities,456.18,Vendor_4
2023-08-18,Sales,Supplies,665.88,Vendor_8
2023-08-19,Sales,Utilities,57.77,Vendor_11
2023-08-20,Sales,Travel,547.12,Vendor_25
2023-08-20,Sales,Software,654.17,Vendor_21
2023-08-20,Sales,Salaries,204.28,Vendor_25
2023-08-21,Marketing,Utilities,728.75,Vendor_1
2023-08-21,HR,Travel,567.7,Vendor_14
2023-08-22,Sales,Utilities,416.94,Vendor_24
2023-08-22,Operations,Utilities,626.56,Vendor_3
2023-08-23,Sales,Consulting,954.14,Vendor_25
2023-08-23,Sales,Salaries,536.37,Vendor_7
2023-08-24,Finance,Travel,549.64,Vendor_17
2023-08-24,Operations,Travel,408.13,Vendor_3
2023-08-24,IT,Supplies,330.03,Vendor_27
2023-08-24,Marketing,Utilities,666.07,Vendor_19
2023-08-25,Marketing,Travel,328.78,Vendor_3
2023-08-25,Operations,Utilities,514.31,Vendor_25
2023-08-25,Operations,Travel,404.47,Vendor_28
2023-08-25,Finance,Utilities,595.8,Vendor_28
2023-08-26,Operations,Travel,566.73,Vendor_26
2023-08-26,IT,Utilities,707.51,Vendor_10
2023-08-27,IT,Salaries,398.0,Vendor_24
2023-08-27,Marketing,Supplies,446.03,Vendor_28
2023-08-28,HR,Salaries,304.25,Vendor_19
2023-08-28,HR,Travel,411.14,Vendor_30
2023-08-29,IT,Supplies,575.46,Vendor_10
2023-08-29,HR,Supplies,651.4,Vendor_23
2023-08-30,Finance,Supplies,315.57,Vendor_4
2023-08-30,Finance,Utilities,673.92,Vendor_11
2023-08-30,Operations,Travel,771.13,Vendor_28
2023-08-30,Operations,Supplies,582.69,Vendor_23
2023-08-31,HR,Supplies,875.36,Vendor_14
2023-08-31,Finance,Utilities,345.24,Vendor_1
2023-08-31,IT,Supplies,251.07,Vendor_4
2023-08-31,IT,Consulting,144.26,Vendor_25
2023-09-01,IT,Supplies,799.21,Vendor_26
2023-09-01,Finance,Utilities,630.87,Vendor_26
2023-09-02,Operations,Supplies,488.88,Vendor_30
2023-09-03,Marketing,Consulting,555.99,Vendor_25
2023-09-03,Sales,Utilities,274.9,Vendor_4
2023-09-03,Finance,Software,989.15,Vendor_9
2023-09-04,IT,Travel,525.84,Vendor_7
2023-09-04,IT,Salaries,521.88,Vendor_7
2023-09-04,IT,Utilities,645.15,Vendor_14
2023-09-05,Marketing,Utilities,596.2,Vendor_2
2023-09-05,HR,Software,544.78,Vendor_19
2023-09-05,Operations,Software,341.91,Vendor_24
2023-09-06,Operations,Salaries,594.29,Vendor_24
2023-09-07,HR,Consulting,876.4,Vendor_15
2023-09-07,HR,Consulting,769.08,Vendor_21
2023-09-07,Operations,Supplies,818.64,Vendor_2
2023-09-08,HR,Utilities,397.76,Vendor_26
2023-09-08,HR,Salaries,302.08,Vendor_12
2023-09-08,HR,Salaries,474.84,Vendor_28
2023-09-08,IT,Supplies,511.14,Vendor_23
2023-09-09,IT,Utilities,718.84,Vendor_21
2023-09-09,IT,Utilities,161.51,Vendor_12
2023-09-10,Operations,Salaries,805.91,Vendor_29
2023-09-10,Finance,Supplies,468.4,Vendor_19
2023-09-11,Finance,Consulting,414.62,Vendor_10
2023-09-11,HR,Supplies,297.58,Vendor_7
2023-09-11,IT,Utilities,169.03,Vendor_4
2023-09-12,HR,Travel,664.63,Vendor_29
2023-09-12,Marketing,Salaries,514.66,Vendor_18
2023-09-12,Operations,Travel,242.01,Vendor_17
2023-09-12,Marketing,Travel,240.98,Vendor_20
2023-09-13,Finance,Utilities,432.84,Vendor_27
2023-09-13,Finance,Salaries,833.8,Vendor_30
2023-09-13,Operations,Supplies,448.08,Vendor_27
2023-09-14,Operations,Travel,199.37,Vendor_1
2023-09-15,Sales,Utilities,450.85,Vendor_27
2023-09-16,IT,Travel,445.46,Vendor_29
2023-09-17,Operations,Consulting,20.0,Vendor_18
2023-09-17,Operations,Consulting,489.14,Vendor_15
2023-09-17,IT,Salaries,453.81,Vendor_24
2023-09-18,Sales,Supplies,639.24,Vendor_29
2023-09-19,Finance,Utilities,869.79,Vendor_24
2023-09-19,Sales,Software,725.31,Vendor_1
2023-09-19,Finance,Software,446.22,Vendor_4
2023-09-19,Marketing,Software,278.69,Vendor_18
2023-09-20,Sales,Supplies,1014.67,Vendor_24
2023-09-21,Finance,Software,511.84,Vendor_8
2023-09-21,Sales,Supplies,502.79,Vendor_25
2023-09-21,Marketing,Travel,495.17,Vendor_28
2023-09-22,Sales,Utilities,539.62,Vendor_21
2023-09-22,IT,Software,471.13,Vendor_15
2023-09-22,Operations,Salaries,385.27,Vendor_24
2023-09-22,Finance,Salaries,390.63,Vendor_5
2023-09-23,HR,Software,493.45,Vendor_26
2023-09-24,HR,Utilities,391.32,Vendor_12
2023-09-25,Operations,Utilities,357.43,Vendor_18
2023-09-25,Marketing,Supplies,521.29,Vendor_21
2023-09-26,Finance,Travel,449.0,Vendor_19
2023-09-26,Operations,Consulting,800.8,Vendor_19
2023-09-26,Operations,Travel,20.0,Vendor_7
2023-09-26,IT,Travel,718.3,Vendor_14
2023-09-27,IT,Utilities,749.22,Vendor_6
2023-09-27,Operations,Supplies,85.32,Vendor_24
2023-09-28,Operations,Consulting,431.46,Vendor_21
2023-09-29,HR,Salaries,425.71,Vendor_24
2023-09-29,HR,Utilities,218.5,Vendor_20
2023-09-30,Operations,Supplies,344.44,Vendor_1
2023-09-30,Finance,Software,277.88,Vendor_19
2023-09-30,IT,Utilities,850.45,Vendor_12
2023-09-30,HR,Utilities,687.14,Vendor_21
2023-10-01,IT,Supplies,754.31,Vendor_17
2023-10-01,Operations,Salaries,644.33,Vendor_8
2023-10-01,Finance,Supplies,274.19,Vendor_30
2023-10-01,Finance,Software,395.1,Vendor_3
2023-10-02,Marketing,Salaries,597.87,Vendor_5
2023-10-02,Marketing,Supplies,255.57,Vendor_6
2023-10-02,Finance,Consulting,642.6,Vendor_23
2023-10-03,HR,Supplies,451.93,Vendor_27
2023-10-03,Sales,Utilities,425.04,Vendor_16
2023-10-04,Sales,Salaries,642.19,Vendor_21
2023-10-04,Sales,Utilities,588.85,Vendor_19
2023-10-04,Sales,Consulting,427.81,Vendor_17
2023-10-05,Operations,Software,731.87,Vendor_26
2023-10-06,Marketing,Travel,283.79,Vendor_3
2023-10-06,HR,Consulting,623.19,Vendor_19
2023-10-06,Sales,Software,618.62,Vendor_21
2023-10-06,HR,Software,438.09,Vendor_9
2023-10-07,Marketing,Salaries,565.23,Vendor_22
2023-10-07,Finance,Supplies,249.78,Vendor_20
2023-10-08,Sales,Supplies,684.81,Vendor_26
2023-10-08,HR,Supplies,463.02,Vendor_11
2023-10-09,Operations,Utilities,395.46,Vendor_7
2023-10-09,Finance,Travel,709.8,Vendor_3
2023-10-10,Operations,Salaries,359.13,Vendor_11
2023-10-10,IT,Utilities,218.31,Vendor_6
2023-10-10,HR,Software,188.67,Vendor_10
2023-10-11,Operations,Supplies,621.2,Vendor_24
2023-10-11,Finance,Travel,243.91,Vendor_10
2023-10-12,IT,Software,850.96,Vendor_13
2023-10-12,IT,Salaries,83.61,Vendor_14
2023-10-12,Finance,Travel,839.29,Vendor_28
2023-10-13,Finance,Consulting,542.2,Vendor_24
2023-10-13,Finance,Supplies,480.66,Vendor_8
2023-10-13,Operations,Utilities,391.02,Vendor_12
2023-10-13,Sales,Salaries,579.83,Vendor_5
2023-10-14,HR,Salaries,492.47,Vendor_15
2023-10-15,Sales,Supplies,720.66,Vendor_23
2023-10-16,Marketing,Consulting,522.85,Vendor_5
2023-10-16,Marketing,Travel,530.06,Vendor_6
2023-10-17,Marketing,Consulting,427.28,Vendor_8
2023-10-17,Marketing,Travel,488.61,Vendor_12
2023-10-17,Marketing,Salaries,561.56,Vendor_11
2023-10-18,Marketing,Supplies,157.97,Vendor_11
2023-10-19,HR,Consulting,230.36,Vendor_16
2023-10-19,IT,Salaries,648.65,Vendor_23
2023-10-19,Marketing,Software,534.17,Vendor_2
2023-10-20,IT,Utilities,463.2,Vendor_14
2023-10-20,Finance,Supplies,503.69,Vendor_10
2023-10-20,IT,Supplies,569.52,Vendor_5
2023-10-20,IT,Salaries,392.05,Vendor_30
2023-10-21,HR,Travel,344.34,Vendor_10
2023-10-21,Finance,Supplies,539.17,Vendor_16
2023-10-22,HR,Travel,304.33,Vendor_15
2023-10-22,Operations,Consulting,581.65,Vendor_14
2023-10-22,Finance,Consulting,159.48,Vendor_8
2023-10-23,Sales,Software,705.83,Vendor_7
2023-10-23,Sales,Utilities,594.52,Vendor_19
2023-10-24,Marketing,Salaries,551.21,Vendor_3
2023-10-24,IT,Software,696.54,Vendor_18
2023-10-25,Sales,Consulting,833.09,Vendor_27
2023-10-25,Finance,Software,702.87,Vendor_15
2023-10-25,Sales,Travel,131.83,Vendor_14
2023-10-26,Sales,Supplies,244.08,Vendor_1
2023-10-26,Marketing,Travel,375.04,Vendor_21
2023-10-26,Operations,Utilities,505.22,Vendor_28
2023-10-27,Finance,Utilities,603.53,Vendor_9
2023-10-27,Sales,Supplies,354.85,Vendor_14
2023-10-28,IT,Consulting,537.35,Vendor_7
2023-10-29,IT,Supplies,348.92,Vendor_24
2023-10-29,IT,Utilities,377.7,Vendor_15
2023-10-29,HR,Utilities,218.67,Vendor_12
2023-10-29,Operations,Consulting,315.35,Vendor_13
2023-10-30,Operations,Supplies,229.66,Vendor_19
2023-10-30,Finance,Supplies,304.83,Vendor_12
2023-10-30,Sales,Supplies,710.73,Vendor_3
2023-10-30,Marketing,Travel,310.12,Vendor_20
2023-10-31,Finance,Software,1026.48,Vendor_7
2023-10-31,IT,Software,598.66,Vendor_5
2023-10-31,Sales,Utilities,536.97,Vendor_19
2023-11-01,HR,Salaries,328.33,Vendor_8
2023-11-01,IT,Software,640.06,Vendor_29
2023-11-02,HR,Travel,384.87,Vendor_7
2023-11-03,Operations,Utilities,524.4,Vendor_20
2023-11-03,Sales,Utilities,1012.02,Vendor_7
2023-11-03,Sales,Travel,480.79,Vendor_14
2023-11-03,Finance,Consulting,729.85,Vendor_9
2023-11-04,Marketing,Travel,359.36,Vendor_13
2023-11-04,HR,Travel,493.0,Vendor_1
2023-11-05,Finance,Consulting,854.16,Vendor_8
2023-11-06,HR,Software,374.61,Vendor_24
2023-11-07,Marketing,Supplies,862.49,Vendor_2
2023-11-07,IT,Salaries,641.55,Vendor_1
2023-11-07,HR,Utilities,387.51,Vendor_8
2023-11-08,Marketing,Supplies,626.48,Vendor_8
2023-11-08,Finance,Salaries,694.51,Vendor_3
2023-11-08,HR,Travel,624.36,Vendor_13
2023-11-09,Sales,Consulting,185.96,Vendor_30
2023-11-09,IT,Software,354.57,Vendor_15
2023-11-09,Marketing,Utilities,450.5,Vendor_25
2023-11-09,Sales,Salaries,485.11,Vendor_12
2023-11-10,IT,Salaries,624.13,Vendor_23
2023-11-11,Marketing,Software,535.54,Vendor_26
2023-11-11,HR,Utilities,232.93,Vendor_8
2023-11-11,Finance,Consulting,576.04,Vendor_28
2023-11-11,IT,Utilities,622.12,Vendor_25
2023-11-12,Finance,Travel,611.96,Vendor_12
2023-11-12,Operations,Salaries,716.16,Vendor_25
2023-11-13,Marketing,Supplies,666.78,Vendor_3
2023-11-13,Operations,Salaries,591.84,Vendor_16
2023-11-13,Marketing,Supplies,485.97,Vendor_12
2023-11-13,IT,Software,167.81,Vendor_13
2023-11-14,HR,Utilities,585.92,Vendor_1
2023-11-14,Sales,Salaries,541.54,Vendor_9
2023-11-14,Sales,Utilities,554.32,Vendor_12
2023-11-14,Operations,Supplies,244.65,Vendor_28
2023-11-15,HR,Travel,283.79,Vendor_30
2023-11-15,Marketing,Utilities,710.63,Vendor_25
2023-11-15,Sales,Travel,492.09,Vendor_7
2023-11-15,Sales,Software,636.3,Vendor_28
2023-11-16,Sales,Travel,505.66,Vendor_25
2023-11-16,HR,Travel,505.95,Vendor_29
2023-11-17,Operations,Utilities,687.66,Vendor_6
2023-11-18,Operations,Travel,396.79,Vendor_2
2023-11-18,HR,Utilities,519.22,Vendor_20
2023-11-18,Operations,Software,407.54,Vendor_23
2023-11-18,Marketing,Travel,413.1,Vendor_18
2023-11-19,IT,Supplies,438.17,Vendor_14
2023-11-20,Marketing,Software,544.43,Vendor_18
2023-11-20,Operations,Supplies,404.25,Vendor_11
2023-11-20,HR,Travel,751.15,Vendor_18
2023-11-20,Finance,Travel,321.08,Vendor_5
2023-11-21,IT,Utilities,462.63,Vendor_2
2023-11-21,Operations,Consulting,412.05,Vendor_5
2023-11-21,Marketing,Salaries,789.4,Vendor_7
2023-11-21,HR,Salaries,539.31,Vendor_15
2023-11-22,Sales,Supplies,706.37,Vendor_6
2023-11-22,Finance,Travel,202.89,Vendor_9
2023-11-22,Marketing,Supplies,553.41,Vendor_30
2023-11-23,Sales,Travel,677.93,Vendor_4
2023-11-23,Operations,Utilities,516.46,Vendor_6
2023-11-23,Finance,Salaries,713.1,Vendor_17
2023-11-24,IT,Salaries,396.54,Vendor_10
2023-11-25,IT,Travel,781.87,Vendor_6
2023-11-26,HR,Utilities,959.78,Vendor_17
2023-11-26,Operations,Utilities,427.43,Vendor_29
2023-11-26,Operations,Consulting,410.9,Vendor_12
2023-11-27,Sales,Travel,790.68,Vendor_3
2023-11-28,Operations,Travel,815.91,Vendor_6
2023-11-28,Marketing,Consulting,395.43,Vendor_26
2023-11-29,HR,Consulting,415.96,Vendor_4
2023-11-29,Marketing,Travel,443.64,Vendor_29
2023-11-30,Operations,Utilities,231.11,Vendor_2
2023-11-30,Finance,Salaries,316.27,Vendor_4
2023-11-30,Operations,Salaries,299.17,Vendor_20
2023-11-30,Operations,Utilities,346.44,Vendor_2
2023-12-01,IT,Consulting,493.06,Vendor_4
2023-12-02,Finance,Supplies,546.84,Vendor_16
2023-12-03,Finance,Salaries,810.1,Vendor_30
2023-12-04,IT,Software,300.33,Vendor_29
2023-12-04,Finance,Travel,696.86,Vendor_17
2023-12-05,IT,Software,457.2,Vendor_13
2023-12-05,Sales,Consulting,490.11,Vendor_11
2023-12-05,IT,Utilities,634.96,Vendor_16
2023-12-05,Sales,Supplies,275.46,Vendor_20
2023-12-06,Marketing,Software,576.48,Vendor_15
2023-12-06,Finance,Software,533.29,Vendor_3
2023-12-07,Finance,Utilities,598.49,Vendor_2
2023-12-08,Finance,Software,557.83,Vendor_27
2023-12-08,Sales,Software,991.06,Vendor_13
2023-12-09,Marketing,Consulting,372.45,Vendor_11
2023-12-10,HR,Supplies,393.8,Vendor_11
2023-12-10,HR,Software,375.37,Vendor_10
2023-12-11,Operations,Supplies,388.9,Vendor_4
2023-12-11,Finance,Salaries,372.52,Vendor_7
2023-12-11,Sales,Salaries,737.8,Vendor_26
2023-12-11,HR,Travel,784.1,Vendor_20
2023-12-12,Sales,Travel,385.85,Vendor_1
2023-12-12,Finance,Supplies,333.53,Vendor_11
2023-12-13,IT,Software,594.28,Vendor_4
2023-12-14,Sales,Software,389.56,Vendor_28
2023-12-14,Sales,Supplies,626.59,Vendor_1
2023-12-14,HR,Salaries,540.58,Vendor_11
2023-12-15,HR,Consulting,196.85,Vendor_3
2023-12-15,Marketing,Supplies,809.5,Vendor_9
2023-12-15,Sales,Utilities,859.18,Vendor_17
2023-12-15,Operations,Consulting,377.44,Vendor_19
2023-12-16,Operations,Software,422.46,Vendor_12
2023-12-17,Operations,Salaries,557.17,Vendor_3
2023-12-17,HR,Utilities,566.89,Vendor_29
2023-12-17,Finance,Software,631.71,Vendor_9
2023-12-18,Sales,Salaries,902.04,Vendor_9
2023-12-18,IT,Travel,464.61,Vendor_12
2023-12-19,Marketing,Software,340.34,Vendor_27
2023-12-19,IT,Supplies,224.14,Vendor_15
2023-12-19,Finance,Supplies,353.81,Vendor_23
2023-12-20,Finance,Travel,493.37,Vendor_8
2023-12-20,Sales,Consulting,858.91,Vendor_3
2023-12-20,HR,Supplies,396.48,Vendor_23
2023-12-20,Finance,Software,544.76,Vendor_10
2023-12-21,HR,Salaries,496.72,Vendor_2
2023-12-21,Sales,Software,737.68,Vendor_25
2023-12-22,Finance,Travel,1005.39,Vendor_30
2023-12-22,Marketing,Travel,393.83,Vendor_10
2023-12-23,IT,Utilities,402.11,Vendor_5
2023-12-23,Finance,Travel,708.83,Vendor_11
2023-12-24,Operations,Utilities,636.38,Vendor_13
2023-12-24,Marketing,Consulting,869.34,Vendor_5
2023-12-25,IT,Travel,616.79,Vendor_26
2023-12-25,Finance,Supplies,428.14,Vendor_1
2023-12-25,Sales,Software,618.13,Vendor_16
2023-12-26,Marketing,Salaries,721.74,Vendor_10
2023-12-26,HR,Consulting,664.1,Vendor_6
2023-12-27,Marketing,Supplies,601.45,Vendor_4
2023-12-27,HR,Supplies,713.33,Vendor_16
2023-12-28,HR,Supplies,733.86,Vendor_27
2023-12-28,Sales,Consulting,776.43,Vendor_18
2023-12-29,Operations,Supplies,629.74,Vendor_25
2023-12-29,Marketing,Software,466.58,Vendor_27
2023-12-29,Marketing,Travel,529.34,Vendor_23
2023-12-30,Finance,Consulting,741.3,Vendor_2
2023-12-31,Sales,Software,336.61,Vendor_11
2023-12-31,IT,Supplies,573.73,Vendor_25
2023-12-31,IT,Salaries,421.33,Vendor_10
2024-01-01,HR,Salaries,505.75,Vendor_14
2024-01-01,HR,Consulting,755.69,Vendor_21
2024-01-01,Operations,Utilities,538.22,Vendor_6
2024-01-02,HR,Consulting,509.29,Vendor_26
2024-01-02,Marketing,Consulting,228.03,Vendor_9
2024-01-03,Marketing,Software,649.25,Vendor_27
2024-01-03,Sales,Salaries,629.1,Vendor_16
2024-01-03,Operations,Consulting,932.65,Vendor_7
2024-01-03,Operations,Software,438.44,Vendor_15
2024-01-04,Operations,Salaries,543.83,Vendor_21
2024-01-05,IT,Supplies,549.88,Vendor_12
2024-01-05,Finance,Consulting,815.49,Vendor_24
2024-01-06,Sales,Consulting,480.94,Vendor_4
2024-01-07,Finance,Travel,555.8,Vendor_7
2024-01-07,Finance,Consulting,621.58,Vendor_22
2024-01-07,Operations,Salaries,537.32,Vendor_14
2024-01-08,IT,Supplies,410.71,Vendor_18
2024-01-08,IT,Utilities,538.82,Vendor_3
2024-01-08,Sales,Software,714.73,Vendor_16
2024-01-09,HR,Consulting,294.7,Vendor_13
2024-01-09,HR,Travel,526.59,Vendor_8
2024-01-09,HR,Supplies,359.98,Vendor_8
2024-01-09,IT,Salaries,739.01,Vendor_28
2024-01-10,Sales,Consulting,195.36,Vendor_2
2024-01-11,Finance,Supplies,388.22,Vendor_22
2024-01-11,Sales,Consulting,575.44,Vendor_19
2024-01-12,Sales,Consulting,813.1,Vendor_1
2024-01-12,Finance,Travel,486.85,Vendor_2
2024-01-12,Marketing,Utilities,388.96,Vendor_25
2024-01-13,Operations,Salaries,876.23,Vendor_15
2024-01-13,IT,Supplies,210.4,Vendor_15
2024-01-13,Marketing,Supplies,60.24,Vendor_25
2024-01-13,Sales,Travel,588.0,Vendor_30
2024-01-14,IT,Travel,399.59,Vendor_16
2024-01-14,IT,Travel,295.75,Vendor_14
2024-01-14,HR,Software,641.67,Vendor_20
2024-01-14,Marketing,Travel,548.76,Vendor_29
2024-01-15,Marketing,Salaries,387.18,Vendor_23
2024-01-15,Sales,Supplies,243.94,Vendor_20
2024-01-16,Finance,Software,674.49,Vendor_17
2024-01-16,HR,Supplies,630.04,Vendor_30
2024-01-16,Operations,Software,480.16,Vendor_21
2024-01-17,Sales,Utilities,869.33,Vendor_20
2024-01-17,IT,Salaries,285.98,Vendor_6
2024-01-17,IT,Supplies,194.89,Vendor_4
2024-01-18,Finance,Salaries,361.62,Vendor_23
2024-01-19,Sales,Travel,490.88,Vendor_18
2024-01-19,Operations,Software,548.67,Vendor_3
2024-01-19,Marketing,Utilities,451.75,Vendor_14
2024-01-20,Finance,Utilities,570.41,Vendor_21
2024-01-20,Operations,Travel,249.69,Vendor_14
2024-01-21,Operations,Utilities,788.75,Vendor_2
2024-01-21,Marketing,Utilities,483.57,Vendor_17
2024-01-22,Operations,Supplies,723.46,Vendor_18
2024-01-23,Operations,Supplies,568.55,Vendor_10
2024-01-23,Sales,Supplies,591.35,Vendor_6
2024-01-24,Finance,Salaries,613.95,Vendor_18
2024-01-24,IT,Utilities,589.54,Vendor_14
2024-01-24,Sales,Travel,628.54,Vendor_21
2024-01-25,Sales,Consulting,765.83,Vendor_26
2024-01-25,Operations,Software,539.3,Vendor_8
2024-01-25,Sales,Supplies,641.8,Vendor_22
2024-01-25,Operations,Supplies,482.05,Vendor_7
2024-01-26,Sales,Travel,788.02,Vendor_29
2024-01-26,Finance,Consulting,364.72,Vendor_27
2024-01-27,Operations,Supplies,860.19,Vendor_1
2024-01-27,Operations,Supplies,491.97,Vendor_23
2024-01-28,Operations,Salaries,213.84,Vendor_6
2024-01-28,HR,Travel,525.62,Vendor_13
2024-01-28,HR,Software,363.79,Vendor_28
2024-01-28,Finance,Consulting,668.13,Vendor_13
2024-01-29,Finance,Utilities,369.48,Vendor_27
2024-01-29,IT,Travel,410.76,Vendor_14
2024-01-30,Marketing,Salaries,122.09,Vendor_30
2024-01-30,IT,Software,409.54,Vendor_20
2024-01-30,Sales,Salaries,20.0,Vendor_16
2024-01-30,Operations,Travel,183.22,Vendor_8
2024-01-31,Operations,Software,652.08,Vendor_21
2024-01-31,Marketing,Supplies,657.16,Vendor_14
2024-02-01,IT,Supplies,585.09,Vendor_7
2024-02-02,Marketing,Salaries,306.6,Vendor_29
2024-02-02,Operations,Consulting,490.46,Vendor_12
2024-02-02,IT,Supplies,499.28,Vendor_14
2024-02-03,IT,Supplies,268.33,Vendor_14
2024-02-03,Marketing,Supplies,800.68,Vendor_22
2024-02-03,Finance,Software,675.47,Vendor_22
2024-02-03,IT,Consulting,455.81,Vendor_1
2024-02-04,Marketing,Utilities,505.38,Vendor_21
2024-02-04,HR,Salaries,541.68,Vendor_6
2024-02-04,Operations,Salaries,91.65,Vendor_29
2024-02-04,Finance,Travel,450.56,Vendor_3
2024-02-05,Operations,Travel,363.6,Vendor_13
2024-02-05,Operations,Travel,299.68,Vendor_29
2024-02-05,IT,Utilities,443.78,Vendor_15
2024-02-06,HR,Software,859.54,Vendor_28
2024-02-06,Operations,Software,628.17,Vendor_2
2024-02-07,HR,Travel,385.76,Vendor_5
2024-02-07,IT,Utilities,614.52,Vendor_4
2024-02-08,Sales,Software,779.87,Vendor_30
2024-02-08,Operations,Utilities,684.93,Vendor_14
2024-02-08,Operations,Utilities,511.93,Vendor_16
2024-02-08,Finance,Travel,370.61,Vendor_17
2024-02-09,Sales,Supplies,639.64,Vendor_18
2024-02-09,Operations,Software,578.7,Vendor_27
2024-02-09,HR,Salaries,679.04,Vendor_27
2024-02-10,Sales,Consulting,627.03,Vendor_25
2024-02-10,Marketing,Consulting,709.91,Vendor_19
2024-02-11,Sales,Consulting,392.95,Vendor_20
2024-02-11,Finance,Utilities,763.48,Vendor_27
2024-02-11,IT,Software,539.52,Vendor_25
2024-02-11,Operations,Utilities,915.05,Vendor_7
2024-02-12,Operations,Utilities,362.16,Vendor_13
2024-02-13,Operations,Consulting,847.19,Vendor_8
2024-02-13,Finance,Software,539.58,Vendor_21
2024-02-14,Finance,Travel,369.72,Vendor_1
2024-02-15,Finance,Consulting,403.22,Vendor_13
2024-02-16,Sales,Travel,435.93,Vendor_29
2024-02-16,Finance,Utilities,584.83,Vendor_1
2024-02-16,Marketing,Travel,604.57,Vendor_17
2024-02-17,Marketing,Utilities,385.26,Vendor_28
2024-02-18,IT,Utilities,495.13,Vendor_28
2024-02-18,IT,Travel,928.45,Vendor_2
2024-02-18,Finance,Software,845.51,Vendor_28
2024-02-18,Finance,Utilities,587.26,Vendor_18
2024-02-19,Finance,Software,507.6,Vendor_29
2024-02-19,IT,Software,524.01,Vendor_5
2024-02-20,Sales,Supplies,622.7,Vendor_4
2024-02-21,Sales,Salaries,295.44,Vendor_16
2024-02-21,Operations,Travel,448.52,Vendor_5
2024-02-21,Operations,Consulting,166.28,Vendor_13
2024-02-21,Sales,Supplies,579.84,Vendor_8
2024-02-22,HR,Consulting,629.44,Vendor_4
2024-02-23,Sales,Salaries,403.36,Vendor_2
2024-02-24,Sales,Supplies,814.8,Vendor_11
2024-02-24,Operations,Utilities,254.85,Vendor_6
2024-02-25,IT,Consulting,207.13,Vendor_13
2024-02-25,HR,Utilities,544.89,Vendor_13
2024-02-25,Finance,Supplies,709.42,Vendor_23
2024-02-26,IT,Utilities,836.79,Vendor_29
2024-02-26,Operations,Software,408.22,Vendor_4
2024-02-26,Marketing,Supplies,715.74,Vendor_25
2024-02-26,HR,Salaries,492.3,Vendor_20
2024-02-27,Finance,Consulting,465.47,Vendor_11
2024-02-27,Marketing,Travel,676.73,Vendor_10
2024-02-27,Finance,Consulting,630.46,Vendor_7
2024-02-28,HR,Utilities,184.72,Vendor_14
2024-02-28,HR,Software,795.31,Vendor_14
2024-02-28,HR,Utilities,776.02,Vendor_17
2024-02-29,IT,Software,374.89,Vendor_30
2024-02-29,Finance,Consulting,579.16,Vendor_28
2024-02-29,HR,Supplies,598.81,Vendor_10
2024-03-01,Operations,Salaries,552.13,Vendor_1
2024-03-02,Finance,Supplies,389.94,Vendor_30
2024-03-03,IT,Salaries,365.68,Vendor_19
2024-03-03,HR,Consulting,494.89,Vendor_10
2024-03-04,IT,Utilities,734.55,Vendor_16
2024-03-05,IT,Software,608.72,Vendor_21
2024-03-05,Sales,Utilities,425.88,Vendor_1
2024-03-05,HR,Travel,654.34,Vendor_17
2024-03-05,Sales,Software,20.0,Vendor_10
2024-03-06,IT,Travel,729.75,Vendor_3
2024-03-06,IT,Travel,152.06,Vendor_24
2024-03-07,HR,Consulting,427.51,Vendor_6
2024-03-07,IT,Salaries,276.07,Vendor_13
2024-03-07,HR,Software,241.06,Vendor_28
2024-03-07,Finance,Utilities,732.17,Vendor_10
2024-03-08,Marketing,Consulting,406.46,Vendor_23
2024-03-08,HR,Software,569.3,Vendor_26
2024-03-08,Sales,Salaries,490.62,Vendor_19
2024-03-09,IT,Travel,595.41,Vendor_3
2024-03-10,IT,Travel,515.36,Vendor_10
2024-03-10,Finance,Consulting,243.4,Vendor_2
2024-03-11,Finance,Utilities,699.25,Vendor_5
2024-03-11,IT,Utilities,401.25,Vendor_29
2024-03-11,Sales,Utilities,188.68,Vendor_13
2024-03-12,Finance,Supplies,414.38,Vendor_22
2024-03-12,HR,Software,800.15,Vendor_10
2024-03-12,Finance,Supplies,670.04,Vendor_29
2024-03-12,Operations,Consulting,430.27,Vendor_24
2024-03-13,Sales,Utilities,430.15,Vendor_6
2024-03-13,IT,Supplies,435.67,Vendor_27
2024-03-13,HR,Supplies,915.35,Vendor_1
2024-03-14,Operations,Software,576.39,Vendor_1
2024-03-15,IT,Consulting,586.01,Vendor_7
2024-03-15,Sales,Consulting,706.06,Vendor_10
2024-03-16,Marketing,Travel,547.76,Vendor_9
2024-03-16,Finance,Supplies,448.19,Vendor_6
2024-03-16,Operations,Utilities,460.73,Vendor_19
2024-03-16,Finance,Salaries,485.68,Vendor_19
2024-03-17,Sales,Travel,492.56,Vendor_11
2024-03-17,HR,Supplies,645.53,Vendor_22
2024-03-18,HR,Travel,510.39,Vendor_5
2024-03-18,Operations,Software,646.53,Vendor_12
2024-03-18,Finance,Travel,483.86,Vendor_21
2024-03-18,HR,Utilities,515.73,Vendor_13
2024-03-19,HR,Utilities,100.36,Vendor_22
2024-03-20,Sales,Consulting,683.27,Vendor_29
2024-03-21,Operations,Software,569.3,Vendor_15
2024-03-22,Finance,Supplies,699.6,Vendor_25
2024-03-23,Sales,Supplies,20.0,Vendor_10
2024-03-23,HR,Supplies,917.67,Vendor_10
2024-03-23,HR,Salaries,472.08,Vendor_16
2024-03-23,Sales,Salaries,721.64,Vendor_27
2024-03-24,IT,Supplies,292.02,Vendor_5
2024-03-24,Marketing,Travel,622.55,Vendor_14
2024-03-24,Operations,Software,289.32,Vendor_4
2024-03-25,Operations,Supplies,375.25,Vendor_18
2024-03-25,HR,Travel,882.81,Vendor_27
2024-03-25,Finance,Salaries,461.86,Vendor_30
2024-03-26,IT,Travel,543.49,Vendor_7
2024-03-26,Sales,Software,674.01,Vendor_18
2024-03-26,Marketing,Travel,599.14,Vendor_13
2024-03-26,Sales,Supplies,530.08,Vendor_9
2024-03-27,Operations,Software,572.99,Vendor_19
2024-03-28,Operations,Software,980.68,Vendor_29
2024-03-29,Operations,Consulting,488.48,Vendor_3
2024-03-29,Sales,Travel,540.22,Vendor_9
2024-03-29,HR,Consulting,710.13,Vendor_21
2024-03-30,Operations,Consulting,721.11,Vendor_14
2024-03-30,Operations,Salaries,737.41,Vendor_21
2024-03-31,HR,Software,627.75,Vendor_29
2024-03-31,Finance,Software,271.4,Vendor_22
2024-03-31,IT,Salaries,826.69,Vendor_5
2024-03-31,IT,Supplies,270.73,Vendor_27
2024-04-01,Marketing,Consulting,560.53,Vendor_10
2024-04-01,Marketing,Supplies,349.14,Vendor_3
2024-04-01,Marketing,Supplies,487.17,Vendor_25
2024-04-02,Finance,Supplies,565.75,Vendor_10
2024-04-02,Operations,Utilities,564.27,Vendor_14
2024-04-02,Marketing,Salaries,584.38,Vendor_11
2024-04-02,HR,Supplies,822.74,Vendor_20
2024-04-03,Marketing,Salaries,590.71,Vendor_28
2024-04-03,Sales,Travel,451.17,Vendor_24
2024-04-03,IT,Software,692.82,Vendor_16
2024-04-04,Finance,Utilities,737.89,Vendor_25
2024-04-04,Operations,Salaries,254.48,Vendor_8
2024-04-04,Operations,Salaries,619.48,Vendor_9
2024-04-04,IT,Supplies,640.23,Vendor_26
2024-04-05,Sales,Consulting,440.49,Vendor_23
2024-04-05,HR,Software,775.14,Vendor_9
2024-04-05,Sales,Supplies,469.99,Vendor_6
2024-04-06,Finance,Software,525.12,Vendor_21
2024-04-06,Operations,Software,465.39,Vendor_9
2024-04-06,Sales,Salaries,503.12,Vendor_14
2024-04-06,Sales,Utilities,280.74,Vendor_8
2024-04-07,HR,Supplies,211.99,Vendor_7
2024-04-08,Operations,Software,818.9,Vendor_17
2024-04-09,Sales,Utilities,330.61,Vendor_9
2024-04-09,Marketing,Software,301.72,Vendor_8
2024-04-09,Finance,Consulting,69.32,Vendor_11
2024-04-09,Marketing,Software,372.21,Vendor_2
2024-04-10,Marketing,Utilities,235.38,Vendor_6
2024-04-10,HR,Salaries,828.4,Vendor_7
2024-04-11,HR,Travel,701.96,Vendor_30
2024-04-12,IT,Utilities,362.37,Vendor_29
2024-04-13,Operations,Salaries,950.49,Vendor_11
2024-04-13,Marketing,Travel,696.35,Vendor_9
2024-04-13,Finance,Software,435.03,Vendor_28
2024-04-14,Finance,Salaries,20.0,Vendor_16
2024-04-15,HR,Travel,958.19,Vendor_16
2024-04-15,Marketing,Supplies,222.09,Vendor_25
2024-04-16,Sales,Supplies,170.92,Vendor_3
2024-04-16,Marketing,Software,704.51,Vendor_14
2024-04-16,Finance,Salaries,987.95,Vendor_6
2024-04-17,Finance,Supplies,776.85,Vendor_17
2024-04-17,Finance,Software,612.78,Vendor_29
2024-04-18,IT,Travel,618.95,Vendor_11
2024-04-19,Finance,Consulting,670.68,Vendor_17
2024-04-20,HR,Salaries,651.79,Vendor_14
2024-04-20,Operations,Salaries,556.24,Vendor_1
2024-04-20,Operations,Salaries,520.84,Vendor_8
2024-04-20,IT,Utilities,487.48,Vendor_7
2024-04-21,IT,Software,349.21,Vendor_5
2024-04-21,Finance,Consulting,443.86,Vendor_23
2024-04-22,IT,Travel,161.41,Vendor_9
2024-04-22,HR,Software,480.33,Vendor_16
2024-04-23,Finance,Travel,302.28,Vendor_4
2024-04-24,HR,Utilities,279.28,Vendor_9
2024-04-24,HR,Utilities,535.98,Vendor_13
2024-04-24,Finance,Supplies,778.4,Vendor_5
2024-04-25,Operations,Utilities,683.66,Vendor_16
2024-04-25,Finance,Utilities,185.9,Vendor_24
2024-04-25,Operations,Software,302.07,Vendor_2
2024-04-25,IT,Salaries,688.15,Vendor_7
2024-04-26,HR,Salaries,303.5,Vendor_23
2024-04-26,HR,Salaries,455.07,Vendor_27
2024-04-26,HR,Salaries,610.01,Vendor_21
2024-04-27,Sales,Supplies,306.33,Vendor_20
2024-04-27,Marketing,Salaries,521.08,Vendor_17
2024-04-27,HR,Salaries,233.19,Vendor_17
2024-04-28,Operations,Supplies,379.73,Vendor_25
2024-04-29,Finance,Salaries,563.96,Vendor_8
2024-04-29,Operations,Utilities,181.4,Vendor_27
2024-04-29,Sales,Travel,588.09,Vendor_22
2024-04-29,IT,Salaries,496.07,Vendor_7
2024-04-30,IT,Supplies,610.5,Vendor_17
2024-05-01,Sales,Salaries,544.78,Vendor_26
2024-05-02,Finance,Software,772.83,Vendor_22
2024-05-02,Finance,Consulting,525.04,Vendor_22
2024-05-02,Sales,Salaries,414.12,Vendor_13
2024-05-03,Marketing,Salaries,524.46,Vendor_16
2024-05-03,IT,Software,608.66,Vendor_15
2024-05-04,Sales,Consulting,509.77,Vendor_7
2024-05-04,Marketing,Supplies,508.12,Vendor_13
2024-05-04,Finance,Consulting,359.6,Vendor_5
2024-05-04,Sales,Salaries,367.42,Vendor_5
2024-05-05,IT,Utilities,219.48,Vendor_24
2024-05-05,Sales,Salaries,849.92,Vendor_17
2024-05-05,Operations,Software,251.23,Vendor_11
2024-05-05,HR,Salaries,361.42,Vendor_22
2024-05-06,Operations,Software,356.32,Vendor_3
2024-05-06,Marketing,Utilities,678.98,Vendor_16
2024-05-06,Finance,Utilities,441.01,Vendor_16
2024-05-07,Operations,Supplies,749.55,Vendor_12
2024-05-07,Marketing,Salaries,365.3,Vendor_30
2024-05-08,Marketing,Salaries,555.8,Vendor_3
2024-05-09,Sales,Supplies,332.93,Vendor_15
2024-05-09,Sales,Travel,929.03,Vendor_20
2024-05-09,HR,Supplies,262.48,Vendor_6
2024-05-10,Marketing,Travel,561.96,Vendor_30
2024-05-10,Sales,Utilities,626.76,Vendor_23
2024-05-11,HR,Salaries,582.76,Vendor_17
2024-05-12,Operations,Consulting,462.94,Vendor_5
2024-05-12,Sales,Salaries,474.04,Vendor_8
2024-05-12,Operations,Utilities,508.76,Vendor_30
2024-05-13,HR,Software,470.6,Vendor_29
2024-05-13,Operations,Supplies,692.78,Vendor_29
2024-05-13,IT,Salaries,942.1,Vendor_14
2024-05-13,Operations,Travel,388.5,Vendor_17
2024-05-14,Marketing,Software,226.04,Vendor_2
2024-05-14,HR,Utilities,482.34,Vendor_3
2024-05-15,Finance,Consulting,1015.94,Vendor_29
2024-05-16,Operations,Travel,339.27,Vendor_13
2024-05-16,Marketing,Supplies,827.82,Vendor_28
2024-05-16,IT,Software,835.54,Vendor_1
2024-05-17,Marketing,Software,389.28,Vendor_11
2024-05-18,Marketing,Salaries,613.8,Vendor_26
2024-05-19,Finance,Supplies,825.68,Vendor_17
2024-05-19,Sales,Utilities,424.17,Vendor_3
2024-05-19,Operations,Utilities,459.28,Vendor_5
2024-05-19,IT,Consulting,383.66,Vendor_27
2024-05-20,IT,Salaries,297.05,Vendor_28
2024-05-20,Finance,Travel,370.14,Vendor_4
2024-05-20,HR,Utilities,255.21,Vendor_4
2024-05-21,Finance,Travel,506.82,Vendor_21
2024-05-21,Operations,Utilities,346.01,Vendor_27
2024-05-21,IT,Utilities,546.76,Vendor_29
2024-05-22,Sales,Consulting,188.82,Vendor_24
2024-05-22,HR,Supplies,566.18,Vendor_1
2024-05-23,HR,Consulting,666.71,Vendor_11
2024-05-24,IT,Consulting,101.25,Vendor_25
2024-05-24,IT,Supplies,574.81,Vendor_9
2024-05-24,Finance,Consulting,745.53,Vendor_10
2024-05-25,Operations,Software,258.07,Vendor_29
2024-05-25,Operations,Supplies,834.51,Vendor_14
2024-05-25,HR,Consulting,583.8,Vendor_7
2024-05-25,IT,Salaries,359.0,Vendor_17
2024-05-26,Finance,Software,488.85,Vendor_28
2024-05-26,Marketing,Salaries,611.67,Vendor_1
2024-05-27,Operations,Salaries,515.2,Vendor_8
2024-05-27,Operations,Consulting,607.75,Vendor_4
2024-05-28,Sales,Salaries,315.87,Vendor_24
2024-05-28,Sales,Travel,533.87,Vendor_24
2024-05-28,Operations,Supplies,217.26,Vendor_14
2024-05-28,HR,Salaries,477.75,Vendor_2
2024-05-29,HR,Travel,319.22,Vendor_11
2024-05-29,Marketing,Travel,352.89,Vendor_10
2024-05-30,Finance,Supplies,747.22,Vendor_30
2024-05-30,Sales,Salaries,718.26,Vendor_1
2024-05-30,Sales,Utilities,621.83,Vendor_17
2024-05-31,Marketing,Salaries,281.54,Vendor_10
2024-05-31,Sales,Consulting,436.72,Vendor_26
2024-05-31,Finance,Travel,742.62,Vendor_6
2024-06-01,HR,Software,528.34,Vendor_25
2024-06-01,HR,Supplies,963.87,Vendor_30
2024-06-01,Marketing,Salaries,578.66,Vendor_12
2024-06-01,Marketing,Consulting,538.41,Vendor_29
2024-06-02,HR,Supplies,438.18,Vendor_1
2024-06-03,Operations,Travel,526.71,Vendor_20
2024-06-03,HR,Supplies,469.51,Vendor_10
2024-06-04,Finance,Software,641.62,Vendor_5
2024-06-04,HR,Utilities,691.34,Vendor_23
2024-06-04,Sales,Utilities,342.8,Vendor_7
2024-06-04,Finance,Supplies,233.75,Vendor_6
2024-06-05,HR,Software,132.76,Vendor_22
2024-06-06,Marketing,Salaries,601.6,Vendor_20
2024-06-06,Sales,Consulting,279.33,Vendor_20
2024-06-07,Sales,Travel,69.42,Vendor_5
2024-06-07,Marketing,Consulting,577.72,Vendor_22
2024-06-07,Sales,Software,998.6,Vendor_17
2024-06-08,Marketing,Travel,498.79,Vendor_28
2024-06-08,HR,Utilities,667.7,Vendor_6
2024-06-08,IT,Software,516.37,Vendor_4
2024-06-08,Operations,Consulting,480.22,Vendor_19
2024-06-09,Sales,Utilities,683.82,Vendor_9
2024-06-09,Sales,Travel,441.95,Vendor_4
2024-06-10,Finance,Utilities,553.48,Vendor_11
2024-06-10,Finance,Salaries,564.34,Vendor_21
2024-06-10,Marketing,Utilities,366.38,Vendor_1
2024-06-11,Marketing,Utilities,698.41,Vendor_13
2024-06-11,Finance,Travel,465.01,Vendor_11
2024-06-11,Marketing,Utilities,348.85,Vendor_29
2024-06-12,Sales,Utilities,607.3,Vendor_9
2024-06-12,HR,Supplies,320.31,Vendor_30
2024-06-12,Marketing,Salaries,505.64,Vendor_21
2024-06-13,IT,Salaries,498.18,Vendor_20
2024-06-14,Operations,Software,717.18,Vendor_8
2024-06-15,Operations,Supplies,594.94,Vendor_24
2024-06-15,Sales,Travel,494.99,Vendor_7
2024-06-15,Operations,Utilities,663.55,Vendor_16
2024-06-16,Marketing,Supplies,778.04,Vendor_12
2024-06-16,Marketing,Utilities,611.56,Vendor_2
2024-06-16,IT,Software,502.07,Vendor_2
2024-06-16,HR,Salaries,237.63,Vendor_25
2024-06-17,Operations,Salaries,286.98,Vendor_15
2024-06-17,IT,Travel,438.96,Vendor_23
2024-06-18,Sales,Supplies,378.1,Vendor_5
2024-06-19,Finance,Consulting,462.61,Vendor_16
2024-06-19,IT,Travel,511.33,Vendor_18
2024-06-20,HR,Software,605.94,Vendor_28
2024-06-20,IT,Supplies,485.9,Vendor_5
2024-06-20,Finance,Supplies,597.3,Vendor_23
2024-06-20,Operations,Software,512.89,Vendor_30
2024-06-21,IT,Supplies,104.91,Vendor_14
2024-06-21,HR,Consulting,312.13,Vendor_4
2024-06-22,IT,Utilities,471.18,Vendor_4
2024-06-22,IT,Consulting,258.06,Vendor_19
2024-06-22,Sales,Travel,619.99,Vendor_4
2024-06-23,Finance,Consulting,806.15,Vendor_27
2024-06-24,IT,Consulting,743.75,Vendor_8
2024-06-24,IT,Salaries,457.31,Vendor_13
2024-06-24,Finance,Utilities,798.15,Vendor_10
2024-06-24,HR,Software,529.73,Vendor_10
2024-06-25,HR,Consulting,432.58,Vendor_24
2024-06-25,Operations,Utilities,377.32,Vendor_7
2024-06-25,Finance,Consulting,439.51,Vendor_28
2024-06-26,Marketing,Supplies,422.36,Vendor_7
2024-06-26,Operations,Salaries,534.08,Vendor_16
2024-06-26,Finance,Software,532.11,Vendor_20
2024-06-26,Finance,Software,500.61,Vendor_22
2024-06-27,Marketing,Supplies,587.39,Vendor_5
2024-06-28,IT,Salaries,738.13,Vendor_9
2024-06-28,IT,Salaries,689.91,Vendor_18
2024-06-28,HR,Travel,203.02,Vendor_13
2024-06-28,IT,Utilities,20.0,Vendor_2
2024-06-29,Sales,Software,686.86,Vendor_30
2024-06-29,Operations,Supplies,226.62,Vendor_9
2024-06-29,Operations,Salaries,455.05,Vendor_9
2024-06-29,Marketing,Salaries,265.98,Vendor_23
2024-06-30,HR,Salaries,139.6,Vendor_23
2024-07-01,Marketing,Utilities,608.29,Vendor_30
2024-07-01,HR,Supplies,651.83,Vendor_28
2024-07-02,HR,Supplies,384.7,Vendor_3
2024-07-02,Sales,Consulting,20.0,Vendor_9
2024-07-03,HR,Consulting,390.75,Vendor_14
2024-07-04,HR,Supplies,578.36,Vendor_23
2024-07-04,Finance,Consulting,204.22,Vendor_4
2024-07-05,Sales,Supplies,536.67,Vendor_13
2024-07-05,Sales,Software,496.94,Vendor_15
2024-07-05,Sales,Utilities,615.86,Vendor_16
2024-07-06,Finance,Salaries,523.92,Vendor_3
2024-07-06,IT,Supplies,305.39,Vendor_4
2024-07-06,IT,Software,739.31,Vendor_21
2024-07-06,HR,Supplies,468.29,Vendor_8
2024-07-07,IT,Utilities,494.54,Vendor_23
2024-07-08,Sales,Utilities,313.35,Vendor_22
2024-07-08,HR,Utilities,411.34,Vendor_28
2024-07-08,IT,Consulting,323.04,Vendor_2
2024-07-08,Sales,Consulting,465.41,Vendor_8
2024-07-09,Finance,Utilities,842.34,Vendor_29
2024-07-09,Finance,Supplies,225.62,Vendor_3
2024-07-10,IT,Utilities,177.29,Vendor_2
2024-07-10,Marketing,Utilities,794.23,Vendor_16
2024-07-10,Operations,Salaries,458.14,Vendor_2
2024-07-11,Sales,Travel,366.19,Vendor_12
2024-07-11,Finance,Software,707.98,Vendor_10
2024-07-11,HR,Supplies,378.88,Vendor_1
2024-07-11,IT,Travel,865.2,Vendor_18
2024-07-12,IT,Salaries,635.59,Vendor_12
2024-07-12,Marketing,Software,402.42,Vendor_18
2024-07-12,Marketing,Travel,931.46,Vendor_26
2024-07-12,HR,Consulting,378.86,Vendor_28
2024-07-13,Finance,Salaries,648.42,Vendor_11
2024-07-13,HR,Software,559.86,Vendor_9
2024-07-13,Sales,Supplies,760.35,Vendor_5
2024-07-13,Finance,Utilities,812.3,Vendor_20
2024-07-14,Sales,Utilities,506.4,Vendor_24
2024-07-14,HR,Supplies,349.32,Vendor_4
2024-07-14,Operations,Salaries,591.99,Vendor_5
2024-07-14,HR,Travel,364.46,Vendor_26
2024-07-15,Sales,Utilities,902.68,Vendor_20
2024-07-15,Finance,Consulting,527.31,Vendor_20
2024-07-15,Marketing,Consulting,426.94,Vendor_14
2024-07-15,IT,Travel,536.94,Vendor_28
2024-07-16,Marketing,Supplies,230.57,Vendor_27
2024-07-16,Sales,Salaries,305.68,Vendor_30
2024-07-17,Sales,Supplies,740.08,Vendor_27
2024-07-17,Sales,Utilities,368.62,Vendor_13
2024-07-17,Operations,Salaries,290.62,Vendor_3
2024-07-17,HR,Salaries,607.33,Vendor_14
2024-07-18,IT,Consulting,737.14,Vendor_18
2024-07-18,Sales,Consulting,643.79,Vendor_13
2024-07-19,Operations,Salaries,699.21,Vendor_7
2024-07-20,Operations,Software,348.64,Vendor_22
2024-07-20,Operations,Utilities,215.64,Vendor_29
2024-07-20,Finance,Supplies,800.27,Vendor_17
2024-07-20,Operations,Supplies,435.46,Vendor_30
2024-07-21,IT,Salaries,449.83,Vendor_26
2024-07-22,Operations,Travel,765.64,Vendor_22
2024-07-22,Sales,Supplies,611.25,Vendor_18
2024-07-23,Finance,Software,591.18,Vendor_21
2024-07-23,Marketing,Consulting,933.0,Vendor_25
2024-07-23,Marketing,Consulting,371.3,Vendor_28
2024-07-23,Finance,Utilities,685.57,Vendor_24
2024-07-24,Sales,Consulting,511.4,Vendor_17
2024-07-24,Sales,Software,553.72,Vendor_10
2024-07-24,HR,Supplies,805.69,Vendor_1
2024-07-24,Finance,Supplies,601.57,Vendor_18
2024-07-25,Sales,Software,607.66,Vendor_1
2024-07-25,IT,Consulting,714.5,Vendor_23
2024-07-26,HR,Travel,427.01,Vendor_28
2024-07-26,Operations,Salaries,332.16,Vendor_27
2024-07-26,Marketing,Software,291.04,Vendor_27
2024-07-26,IT,Software,106.73,Vendor_18
2024-07-27,HR,Software,911.24,Vendor_25
2024-07-27,HR,Consulting,279.36,Vendor_29
2024-07-27,Marketing,Software,455.75,Vendor_30
2024-07-27,Operations,Supplies,444.64,Vendor_11
2024-07-28,HR,Supplies,561.48,Vendor_12
2024-07-29,IT,Utilities,663.15,Vendor_4
2024-07-29,Finance,Utilities,672.09,Vendor_14
2024-07-30,HR,Supplies,383.38,Vendor_27
2024-07-30,HR,Travel,466.58,Vendor_11
2024-07-31,Finance,Salaries,556.52,Vendor_2
2024-07-31,Sales,Salaries,450.26,Vendor_6
2024-07-31,IT,Consulting,821.47,Vendor_29
2024-07-31,Marketing,Supplies,598.19,Vendor_7
2024-08-01,HR,Supplies,646.98,Vendor_15
2024-08-01,Finance,Consulting,632.58,Vendor_11
2024-08-01,Operations,Salaries,734.69,Vendor_25
2024-08-02,HR,Supplies,536.2,Vendor_10
2024-08-03,Finance,Salaries,240.63,Vendor_30
2024-08-03,Sales,Utilities,579.94,Vendor_26
2024-08-03,HR,Travel,369.73,Vendor_30
2024-08-04,IT,Travel,394.28,Vendor_5
2024-08-04,IT,Supplies,617.27,Vendor_6
2024-08-04,Finance,Salaries,747.66,Vendor_23
2024-08-05,Finance,Travel,504.25,Vendor_1
2024-08-05,Sales,Travel,561.77,Vendor_4
2024-08-05,Finance,Supplies,840.44,Vendor_9
2024-08-06,Finance,Supplies,548.15,Vendor_1
2024-08-06,Finance,Software,1020.34,Vendor_17
2024-08-07,HR,Travel,613.1,Vendor_5
2024-08-07,Finance,Utilities,147.85,Vendor_14
2024-08-07,Marketing,Salaries,650.67,Vendor_29
2024-08-08,Marketing,Travel,576.23,Vendor_19
2024-08-08,Sales,Consulting,757.95,Vendor_6
2024-08-08,Finance,Consulting,634.64,Vendor_27
2024-08-09,Operations,Consulting,472.31,Vendor_8
2024-08-09,Finance,Supplies,255.14,Vendor_2
2024-08-09,IT,Consulting,458.2,Vendor_17
2024-08-10,Finance,Consulting,329.9,Vendor_30
2024-08-10,HR,Travel,383.9,Vendor_10
2024-08-10,Sales,Software,617.72,Vendor_27
2024-08-11,Finance,Software,833.98,Vendor_12
2024-08-11,Finance,Utilities,578.93,Vendor_11
2024-08-11,IT,Consulting,260.82,Vendor_8
2024-08-12,Sales,Travel,588.92,Vendor_23
2024-08-12,Finance,Supplies,739.33,Vendor_12
2024-08-12,Sales,Utilities,378.04,Vendor_20
2024-08-13,Marketing,Consulting,473.2,Vendor_16
2024-08-13,IT,Travel,502.94,Vendor_6
2024-08-14,Marketing,Consulting,343.02,Vendor_16
2024-08-14,Finance,Salaries,629.66,Vendor_20
2024-08-15,Sales,Utilities,475.81,Vendor_29
2024-08-15,HR,Salaries,583.91,Vendor_16
2024-08-15,Marketing,Salaries,322.5,Vendor_29
2024-08-15,Operations,Travel,412.51,Vendor_11
2024-08-16,Finance,Salaries,644.48,Vendor_24
2024-08-17,HR,Software,425.43,Vendor_27
2024-08-18,HR,Supplies,845.39,Vendor_14
2024-08-18,HR,Consulting,420.07,Vendor_24
2024-08-18,Finance,Salaries,544.94,Vendor_3
2024-08-19,Sales,Supplies,686.52,Vendor_21
2024-08-20,IT,Supplies,216.33,Vendor_5
2024-08-20,Sales,Consulting,147.84,Vendor_5
2024-08-20,Sales,Consulting,194.87,Vendor_11
2024-08-20,IT,Utilities,752.52,Vendor_6
2024-08-21,Sales,Software,389.63,Vendor_28
2024-08-22,IT,Supplies,1011.64,Vendor_20
2024-08-22,Operations,Utilities,387.15,Vendor_13
2024-08-22,HR,Travel,536.91,Vendor_7
2024-08-23,Sales,Utilities,808.42,Vendor_1
2024-08-23,Marketing,Travel,901.22,Vendor_27
2024-08-24,Sales,Travel,912.3,Vendor_14
2024-08-24,IT,Travel,741.67,Vendor_3
2024-08-24,IT,Salaries,704.81,Vendor_7
2024-08-24,IT,Travel,618.51,Vendor_30
2024-08-25,Marketing,Consulting,655.67,Vendor_19
2024-08-25,Sales,Consulting,389.76,Vendor_12
2024-08-25,HR,Consulting,336.36,Vendor_28
2024-08-26,Marketing,Supplies,499.33,Vendor_18
2024-08-26,Finance,Salaries,465.96,Vendor_6
2024-08-26,Marketing,Salaries,409.35,Vendor_13
2024-08-26,Marketing,Consulting,639.28,Vendor_24
2024-08-27,Marketing,Supplies,691.06,Vendor_7
2024-08-27,Finance,Software,517.68,Vendor_30
2024-08-28,Finance,Travel,795.51,Vendor_14
2024-08-29,Finance,Supplies,271.66,Vendor_19
2024-08-29,Marketing,Salaries,461.27,Vendor_26
2024-08-30,Sales,Utilities,356.64,Vendor_11
2024-08-30,Marketing,Travel,126.69,Vendor_23
2024-08-30,HR,Salaries,483.46,Vendor_13
2024-08-30,Operations,Consulting,475.65,Vendor_3
2024-08-31,IT,Travel,802.69,Vendor_22
2024-08-31,Sales,Consulting,626.16,Vendor_19
2024-08-31,Finance,Consulting,295.16,Vendor_15
2024-08-31,Operations,Supplies,870.82,Vendor_30
2024-09-01,Operations,Salaries,744.21,Vendor_13
2024-09-01,Operations,Travel,616.42,Vendor_22
2024-09-01,Sales,Salaries,454.7,Vendor_7
2024-09-02,IT,Travel,308.11,Vendor_17
2024-09-02,Finance,Travel,425.56,Vendor_12
2024-09-02,Sales,Consulting,717.75,Vendor_23
2024-09-02,Marketing,Supplies,876.92,Vendor_6
2024-09-03,HR,Consulting,808.65,Vendor_9
2024-09-04,Sales,Supplies,402.23,Vendor_15
2024-09-04,Marketing,Supplies,276.08,Vendor_18
2024-09-04,Marketing,Supplies,528.18,Vendor_9
2024-09-05,HR,Supplies,146.31,Vendor_14
2024-09-05,HR,Consulting,564.63,Vendor_6
2024-09-05,IT,Travel,470.48,Vendor_20
2024-09-05,IT,Supplies,406.79,Vendor_15
2024-09-06,IT,Travel,181.06,Vendor_9
2024-09-06,Marketing,Supplies,602.72,Vendor_10
2024-09-06,IT,Consulting,393.46,Vendor_5
2024-09-06,HR,Supplies,266.02,Vendor_20
2024-09-07,Operations,Software,20.0,Vendor_11
2024-09-08,Sales,Software,494.5,Vendor_4
2024-09-08,Marketing,Software,854.45,Vendor_3
2024-09-09,Marketing,Supplies,832.25,Vendor_11
2024-09-09,Sales,Consulting,408.58,Vendor_29
2024-09-10,HR,Travel,379.56,Vendor_11
2024-09-10,Finance,Salaries,593.75,Vendor_6
2024-09-10,IT,Supplies,300.32,Vendor_28
2024-09-10,Marketing,Utilities,560.36,Vendor_4
2024-09-11,Operations,Salaries,653.22,Vendor_10
2024-09-11,HR,Utilities,745.39,Vendor_4
2024-09-12,IT,Consulting,479.97,Vendor_29
2024-09-12,Sales,Supplies,459.27,Vendor_9
2024-09-12,Sales,Consulting,324.4,Vendor_13
2024-09-13,Finance,Utilities,334.62,Vendor_24
2024-09-13,Operations,Software,454.7,Vendor_2
2024-09-13,HR,Supplies,573.47,Vendor_15
2024-09-13,Marketing,Software,682.72,Vendor_9
2024-09-14,Sales,Salaries,339.36,Vendor_8
2024-09-14,Finance,Utilities,798.54,Vendor_30
2024-09-14,Marketing,Consulting,445.78,Vendor_19
2024-09-14,Sales,Supplies,495.73,Vendor_5
2024-09-15,IT,Travel,350.56,Vendor_20
2024-09-15,Finance,Software,20.0,Vendor_17
2024-09-15,HR,Software,676.81,Vendor_26
2024-09-15,Finance,Consulting,647.37,Vendor_21
2024-09-16,Sales,Supplies,443.73,Vendor_8
2024-09-16,Operations,Supplies,513.4,Vendor_24
2024-09-16,Finance,Travel,603.19,Vendor_15
2024-09-17,Finance,Software,187.49,Vendor_24
2024-09-17,Sales,Software,394.19,Vendor_15
2024-09-18,Sales,Salaries,658.85,Vendor_9
2024-09-18,Finance,Travel,249.14,Vendor_1
2024-09-18,Sales,Consulting,558.71,Vendor_20
2024-09-18,Sales,Consulting,228.68,Vendor_20
2024-09-19,Finance,Consulting,593.29,Vendor_27
2024-09-19,Sales,Software,492.87,Vendor_18
2024-09-19,Finance,Salaries,176.97,Vendor_23
2024-09-19,Sales,Utilities,732.95,Vendor_7
2024-09-20,Marketing,Travel,353.08,Vendor_18
2024-09-21,Finance,Travel,337.95,Vendor_1
2024-09-21,HR,Salaries,540.11,Vendor_25
2024-09-21,Sales,Consulting,729.73,Vendor_30
2024-09-22,Finance,Consulting,296.84,Vendor_13
2024-09-23,HR,Travel,512.34,Vendor_5
2024-09-23,IT,Utilities,585.76,Vendor_11
2024-09-23,Finance,Software,638.62,Vendor_30
2024-09-24,Operations,Consulting,535.29,Vendor_24
2024-09-25,HR,Consulting,426.59,Vendor_3
2024-09-25,Operations,Supplies,334.48,Vendor_16
2024-09-26,HR,Travel,517.23,Vendor_27
2024-09-26,IT,Supplies,285.57,Vendor_13
2024-09-26,HR,Travel,20.0,Vendor_13
2024-09-27,Finance,Software,587.31,Vendor_15
2024-09-27,Marketing,Utilities,680.79,Vendor_11
2024-09-28,Sales,Consulting,27.41,Vendor_5
2024-09-28,Sales,Travel,298.05,Vendor_10
2024-09-28,Sales,Supplies,623.83,Vendor_8
2024-09-28,Sales,Salaries,911.5,Vendor_7
2024-09-29,Marketing,Travel,504.16,Vendor_25
2024-09-29,HR,Travel,354.4,Vendor_24
2024-09-30,HR,Salaries,463.42,Vendor_9
2024-09-30,HR,Supplies,774.98,Vendor_4
2024-10-01,Marketing,Consulting,370.81,Vendor_6
2024-10-02,Marketing,Salaries,340.16,Vendor_28
2024-10-02,Sales,Utilities,403.45,Vendor_17
2024-10-02,Finance,Utilities,309.33,Vendor_25
2024-10-03,Finance,Salaries,524.53,Vendor_1
2024-10-03,IT,Supplies,824.94,Vendor_18
2024-10-03,IT,Travel,564.62,Vendor_23
2024-10-04,HR,Utilities,449.53,Vendor_21
2024-10-04,Marketing,Travel,441.64,Vendor_27
2024-10-04,Sales,Consulting,187.36,Vendor_27
2024-10-04,IT,Software,676.62,Vendor_29
2024-10-05,HR,Supplies,484.43,Vendor_24
2024-10-05,Operations,Software,463.9,Vendor_15
2024-10-05,Sales,Supplies,1138.62,Vendor_14
2024-10-06,Finance,Supplies,559.75,Vendor_26
2024-10-06,HR,Salaries,349.64,Vendor_28
2024-10-06,Finance,Salaries,414.73,Vendor_2
2024-10-07,Marketing,Travel,729.69,Vendor_5
2024-10-08,HR,Salaries,522.65,Vendor_9
2024-10-08,Marketing,Travel,212.34,Vendor_22
2024-10-08,IT,Salaries,683.85,Vendor_27
2024-10-09,Operations,Supplies,366.37,Vendor_25
2024-10-09,IT,Consulting,874.66,Vendor_25
2024-10-09,Finance,Software,716.01,Vendor_12
2024-10-10,IT,Utilities,410.54,Vendor_18
2024-10-10,HR,Salaries,756.2,Vendor_25
2024-10-11,Marketing,Utilities,513.57,Vendor_7
2024-10-11,IT,Salaries,670.55,Vendor_29
2024-10-11,Sales,Software,596.95,Vendor_2
2024-10-12,Marketing,Consulting,330.73,Vendor_20
2024-10-12,HR,Consulting,371.29,Vendor_18
2024-10-12,Sales,Utilities,705.99,Vendor_25
2024-10-13,Finance,Supplies,433.04,Vendor_18
2024-10-13,HR,Software,419.27,Vendor_21
2024-10-13,Sales,Travel,308.98,Vendor_3
2024-10-14,Marketing,Software,584.72,Vendor_26
2024-10-14,HR,Travel,912.5,Vendor_20
2024-10-14,Marketing,Travel,286.49,Vendor_10
2024-10-14,Marketing,Supplies,504.84,Vendor_12
2024-10-15,Sales,Travel,782.44,Vendor_17
2024-10-15,IT,Travel,484.07,Vendor_10
2024-10-15,IT,Software,590.47,Vendor_13
2024-10-16,Marketing,Travel,287.52,Vendor_3
2024-10-16,IT,Supplies,585.66,Vendor_25
2024-10-16,Sales,Software,462.57,Vendor_3
2024-10-17,Sales,Salaries,697.15,Vendor_13
2024-10-17,Marketing,Software,737.48,Vendor_17
2024-10-17,Marketing,Utilities,1017.91,Vendor_18
2024-10-17,Operations,Salaries,615.93,Vendor_15
2024-10-18,Marketing,Travel,565.16,Vendor_25
2024-10-18,Sales,Supplies,538.88,Vendor_4
2024-10-19,IT,Travel,429.37,Vendor_17
2024-10-19,Operations,Supplies,567.7,Vendor_19
2024-10-19,Sales,Travel,440.92,Vendor_24
2024-10-20,IT,Salaries,533.69,Vendor_23
2024-10-20,Operations,Travel,763.52,Vendor_10
2024-10-21,Finance,Utilities,298.69,Vendor_23
2024-10-21,Finance,Supplies,727.98,Vendor_22
2024-10-21,HR,Travel,763.42,Vendor_20
2024-10-22,IT,Software,476.39,Vendor_6
2024-10-22,Finance,Salaries,75.63,Vendor_26
2024-10-23,HR,Travel,378.44,Vendor_12
2024-10-24,Sales,Utilities,759.4,Vendor_14
2024-10-24,Marketing,Salaries,495.43,Vendor_22
2024-10-25,Marketing,Salaries,300.14,Vendor_11
2024-10-26,IT,Supplies,399.05,Vendor_12
2024-10-26,Sales,Salaries,668.12,Vendor_20
2024-10-26,Sales,Travel,609.35,Vendor_27
2024-10-27,Sales,Travel,452.21,Vendor_11
2024-10-27,Marketing,Supplies,426.64,Vendor_27
2024-10-28,HR,Salaries,421.65,Vendor_13
2024-10-28,Sales,Travel,315.52,Vendor_6
2024-10-28,HR,Salaries,823.08,Vendor_12
2024-10-29,Operations,Consulting,435.54,Vendor_21
2024-10-29,IT,Salaries,743.43,Vendor_16
2024-10-29,IT,Utilities,804.26,Vendor_3
2024-10-29,Finance,Travel,699.66,Vendor_10
2024-10-30,Finance,Supplies,413.68,Vendor_6
2024-10-31,Marketing,Utilities,580.75,Vendor_17
2024-10-31,IT,Salaries,495.16,Vendor_16
2024-10-31,Marketing,Salaries,319.26,Vendor_21
2024-10-31,Sales,Software,564.87,Vendor_26
2024-11-01,Operations,Salaries,264.19,Vendor_30
2024-11-01,Sales,Software,737.54,Vendor_27
2024-11-02,Marketing,Consulting,407.08,Vendor_2
2024-11-02,Marketing,Supplies,540.23,Vendor_29
2024-11-03,Finance,Consulting,556.66,Vendor_20
2024-11-03,IT,Travel,448.22,Vendor_23
2024-11-03,HR,Utilities,617.34,Vendor_1
2024-11-03,Sales,Travel,405.02,Vendor_6
2024-11-04,IT,Travel,674.26,Vendor_11
2024-11-05,IT,Supplies,230.8,Vendor_2
2024-11-05,IT,Software,525.28,Vendor_7
2024-11-06,IT,Software,887.79,Vendor_29
2024-11-06,IT,Utilities,299.93,Vendor_4
2024-11-06,IT,Supplies,364.45,Vendor_3
2024-11-06,Operations,Software,602.78,Vendor_19
2024-11-07,HR,Consulting,535.92,Vendor_11
2024-11-08,Marketing,Utilities,570.13,Vendor_13
2024-11-08,IT,Travel,597.84,Vendor_10
2024-11-08,Operations,Software,626.94,Vendor_13
2024-11-08,Operations,Software,721.94,Vendor_3
2024-11-09,Finance,Utilities,581.96,Vendor_3
2024-11-09,IT,Travel,451.75,Vendor_24
2024-11-09,Finance,Salaries,634.51,Vendor_18
2024-11-09,Operations,Supplies,879.98,Vendor_21
2024-11-10,Marketing,Consulting,473.47,Vendor_22
2024-11-10,HR,Consulting,305.09,Vendor_22
2024-11-10,IT,Utilities,721.42,Vendor_18
2024-11-11,Marketing,Supplies,475.92,Vendor_15
2024-11-11,Marketing,Supplies,65.47,Vendor_12
2024-11-12,HR,Utilities,669.48,Vendor_5
2024-11-12,IT,Salaries,392.93,Vendor_29
2024-11-12,Sales,Salaries,481.89,Vendor_10
2024-11-13,IT,Utilities,566.4,Vendor_12
2024-11-14,IT,Supplies,538.1,Vendor_30
2024-11-14,Operations,Consulting,641.89,Vendor_11
2024-11-15,IT,Utilities,412.9,Vendor_12
2024-11-15,Sales,Software,602.62,Vendor_14
2024-11-16,IT,Travel,448.09,Vendor_12
2024-11-16,Operations,Utilities,647.76,Vendor_3
2024-11-16,HR,Consulting,623.07,Vendor_1
2024-11-16,Operations,Salaries,312.91,Vendor_26
2024-11-17,Finance,Supplies,717.2,Vendor_2
2024-11-17,HR,Salaries,392.81,Vendor_23
2024-11-17,HR,Supplies,661.61,Vendor_18
2024-11-17,Operations,Consulting,573.46,Vendor_13
2024-11-18,Operations,Software,867.64,Vendor_29
2024-11-19,HR,Utilities,455.31,Vendor_26
2024-11-19,Operations,Salaries,430.14,Vendor_4
2024-11-19,Operations,Software,496.12,Vendor_15
2024-11-19,Operations,Software,439.36,Vendor_17
2024-11-20,Operations,Salaries,659.99,Vendor_3
2024-11-20,Marketing,Supplies,176.74,Vendor_22
2024-11-21,Finance,Supplies,289.26,Vendor_28
2024-11-21,Finance,Salaries,286.44,Vendor_30
2024-11-21,IT,Consulting,690.06,Vendor_24
2024-11-21,Sales,Supplies,842.12,Vendor_9
2024-11-22,Finance,Software,479.11,Vendor_14
2024-11-22,Finance,Utilities,466.24,Vendor_29
2024-11-22,Finance,Salaries,514.01,Vendor_14
2024-11-22,IT,Salaries,732.38,Vendor_4
2024-11-23,HR,Salaries,314.53,Vendor_15
2024-11-24,Marketing,Utilities,547.67,Vendor_29
2024-11-25,IT,Travel,695.04,Vendor_24
2024-11-25,HR,Software,600.22,Vendor_18
2024-11-25,Sales,Travel,537.92,Vendor_16
2024-11-26,Sales,Salaries,700.21,Vendor_11
2024-11-26,Finance,Consulting,20.0,Vendor_12
2024-11-26,Marketing,Travel,635.58,Vendor_8
2024-11-26,HR,Utilities,369.18,Vendor_7
2024-11-27,Marketing,Supplies,133.87,Vendor_15
2024-11-27,Marketing,Utilities,602.24,Vendor_10
2024-11-28,Finance,Utilities,774.73,Vendor_26
2024-11-28,Operations,Travel,472.51,Vendor_1
2024-11-28,Finance,Utilities,690.57,Vendor_6
2024-11-28,Operations,Consulting,822.46,Vendor_1
2024-11-29,Operations,Travel,762.98,Vendor_27
2024-11-29,HR,Software,827.99,Vendor_5
2024-11-29,IT,Travel,648.43,Vendor_21
2024-11-29,Sales,Utilities,515.09,Vendor_15
2024-11-30,IT,Salaries,179.61,Vendor_13
2024-11-30,Sales,Salaries,450.79,Vendor_1
2024-11-30,HR,Utilities,331.35,Vendor_15
2024-12-01,IT,Travel,934.19,Vendor_27
2024-12-01,Sales,Supplies,464.82,Vendor_1
2024-12-01,Sales,Salaries,524.64,Vendor_8
2024-12-01,HR,Software,610.3,Vendor_25
2024-12-02,Marketing,Salaries,508.72,Vendor_25
2024-12-02,Sales,Travel,839.01,Vendor_28
2024-12-02,Finance,Supplies,375.47,Vendor_12
2024-12-02,Operations,Supplies,538.92,Vendor_2
2024-12-03,Marketing,Travel,351.51,Vendor_18
2024-12-03,Finance,Consulting,236.0,Vendor_14
2024-12-04,Operations,Software,377.65,Vendor_7
2024-12-04,Operations,Consulting,492.59,Vendor_4
2024-12-04,Operations,Travel,414.14,Vendor_27
2024-12-05,Finance,Consulting,361.52,Vendor_4
2024-12-05,Finance,Software,218.74,Vendor_23
2024-12-05,HR,Software,483.38,Vendor_11
2024-12-06,IT,Consulting,199.06,Vendor_11
2024-12-06,HR,Supplies,652.01,Vendor_25
2024-12-06,IT,Utilities,516.49,Vendor_22
2024-12-07,Operations,Consulting,208.49,Vendor_10
2024-12-08,Operations,Salaries,438.16,Vendor_18
2024-12-08,Finance,Salaries,349.57,Vendor_5
2024-12-08,Sales,Software,563.83,Vendor_4
2024-12-08,Finance,Software,768.09,Vendor_28
2024-12-09,Finance,Travel,124.97,Vendor_25
2024-12-09,Finance,Software,523.01,Vendor_8
2024-12-09,Operations,Utilities,467.97,Vendor_12
2024-12-10,HR,Supplies,634.27,Vendor_9
2024-12-10,IT,Salaries,542.64,Vendor_19
2024-12-10,Sales,Travel,349.61,Vendor_20
2024-12-11,IT,Consulting,436.19,Vendor_18
2024-12-11,HR,Software,340.79,Vendor_5
2024-12-11,HR,Supplies,715.2,Vendor_11
2024-12-12,IT,Salaries,504.26,Vendor_16
2024-12-12,IT,Travel,880.24,Vendor_30
2024-12-12,Finance,Supplies,487.87,Vendor_12
2024-12-13,Operations,Salaries,358.32,Vendor_21
2024-12-14,Operations,Consulting,197.26,Vendor_26
2024-12-14,Finance,Salaries,139.37,Vendor_3
2024-12-14,IT,Supplies,183.17,Vendor_28
2024-12-15,HR,Consulting,553.43,Vendor_20
2024-12-15,IT,Salaries,601.75,Vendor_8
2024-12-15,Finance,Salaries,183.76,Vendor_1
2024-12-15,Finance,Supplies,679.01,Vendor_20
2024-12-16,Marketing,Software,403.39,Vendor_26
2024-12-17,HR,Travel,529.36,Vendor_6
2024-12-18,Marketing,Software,822.44,Vendor_26
2024-12-19,IT,Utilities,679.37,Vendor_23
2024-12-20,Sales,Software,446.29,Vendor_5
2024-12-21,Sales,Software,321.76,Vendor_28
2024-12-21,Sales,Salaries,69.64,Vendor_11
2024-12-21,Sales,Salaries,356.17,Vendor_23
2024-12-22,IT,Salaries,457.77,Vendor_10
2024-12-23,Sales,Travel,302.56,Vendor_14
2024-12-23,Marketing,Consulting,473.75,Vendor_16
2024-12-23,IT,Utilities,515.37,Vendor_10
2024-12-24,HR,Salaries,455.03,Vendor_17
2024-12-24,Marketing,Utilities,370.0,Vendor_2
2024-12-24,IT,Consulting,533.73,Vendor_10
2024-12-25,Marketing,Consulting,588.39,Vendor_13
2024-12-25,HR,Software,281.92,Vendor_17
2024-12-25,Finance,Consulting,782.19,Vendor_19
2024-12-25,Sales,Consulting,480.28,Vendor_9
2024-12-26,Operations,Supplies,503.77,Vendor_16
2024-12-26,Sales,Consulting,641.64,Vendor_10
2024-12-27,Marketing,Salaries,546.64,Vendor_15
2024-12-28,Sales,Consulting,690.63,Vendor_20
2024-12-28,Operations,Salaries,557.42,Vendor_28
2024-12-28,Sales,Utilities,377.51,Vendor_10
2024-12-29,Sales,Software,572.3,Vendor_21
2024-12-30,HR,Consulting,271.25,Vendor_29
2024-12-31,Marketing,Software,521.71,Vendor_18
